"","AD1","AD2","AD3","AH1","AH2","AH3","CD1","CD2","CD3","CH1","CH2","CH3","LD1","LD2","LD3","LH1","LH2","LH3","VD1","VD2","VD3","VH1","VH2","VH3"
"Absidia.repens",3,0,0,0,0,0,0,0,0,0,0,0,0,0,0,0,0,0,0,0,0,0,3,0
"Absidia.spinosa",0,0,0,0,0,0,0,17,0,4,0,0,0,0,0,3,0,0,5,0,0,0,5,0
"Acaulospora.sp",0,0,0,0,0,0,0,0,0,0,0,0,0,0,3,0,0,0,0,0,0,0,0,0
"Acephala.sp",0,0,0,0,0,0,0,0,0,0,0,0,0,0,0,0,0,0,0,0,0,0,12,0
"Acremonium.alternatum",0,0,11,0,54,14,9,19,0,3,0,2,9,4,2,6,3,0,8,0,24,0,52,0
"Acremonium.blochii",0,0,0,0,0,0,0,0,0,0,0,0,0,0,22,0,0,0,2,0,0,0,0,0
"Acremonium.chrysogenum",0,0,0,0,0,0,0,18,0,3,0,4,0,4,25,1,0,0,2,0,0,0,0,0
"Acremonium.fusidioides",0,0,0,0,0,0,0,6,0,0,0,4,0,0,0,0,0,0,0,0,0,0,1,0
"Acremonium.persicinum",0,0,25,56,33,12,15,35,0,12,122,5,5,28,70,3,4,10,18,0,0,150,5,57
"Acremonium.sclerotigenum",0,0,0,0,0,0,0,0,0,0,75,0,0,0,0,0,0,0,0,56,0,79,0,69
"Acremonium.sp",1,188,0,0,0,0,6,11,0,1,0,0,0,10,0,2,0,11,2,0,27,0,7,0
"Acrocalymma.medicaginis",0,0,0,0,0,0,0,0,0,0,0,0,6,0,0,0,0,7,0,0,0,0,0,0
"Acrocalymma.vagum",0,0,0,0,0,0,0,0,0,5,0,5,8,33,0,0,6,26,0,0,34,0,9,0
"Acrostalagmus.luteoalbus",0,135,0,0,0,0,0,0,0,2,0,0,0,0,0,2,0,0,0,0,1,0,4,0
"Acrostalagmus.sp",0,0,3,0,0,3,0,0,0,2,0,0,0,0,0,0,0,0,4,0,19,0,4,0
"Actinomucor.elegans",0,0,5,0,13,0,4,17,0,0,0,2,1,1,0,0,2,5,3,0,0,0,9,0
"Alternaria.atra",7,0,13,0,50,21,28,117,0,12,0,10,24,2,38,4,0,19,2,0,109,0,128,0
"Alternaria.chlamydosporigena",0,0,0,396,0,0,0,0,0,0,801,0,0,0,0,0,0,0,0,344,0,2936,0,428
"Alternaria.eichhorniae",0,0,0,1094,0,0,0,0,0,0,1757,0,0,0,0,0,0,0,0,1915,0,3199,0,862
"Alternaria.infectoria",4,0,16,0,118,15,0,83,0,2,73,7,38,54,114,1,12,36,10,0,106,0,54,0
"Alternaria.japonica",0,0,30,0,75,13,9,66,0,7,0,12,58,130,50,31,7,15,7,0,26,0,48,0
"Alternaria.obclavata",0,0,0,0,0,4,0,0,0,0,0,0,0,0,0,0,0,0,0,0,0,0,8,0
"Alternaria.penicillata",0,0,0,79,0,0,0,0,0,0,56,0,0,0,0,0,0,0,0,118,0,460,0,91
"Alternaria.planifunda",0,0,0,0,0,0,0,0,0,0,0,0,0,0,0,0,0,0,0,0,0,0,11,0
"Alternaria.sonchi",0,0,0,0,0,11,0,0,0,0,0,5,0,0,0,0,0,0,0,0,0,0,3,0
"Alternaria.sp",0,0,0,0,0,0,0,0,0,0,0,0,0,0,0,0,0,0,4,0,0,0,0,0
"Alternaria.triticina",0,0,20,0,45,10,25,116,0,14,0,7,11,47,60,1,12,4,13,0,26,0,33,0
"Alternaria.zinniae",0,0,0,0,0,0,0,0,0,3,0,0,0,7,0,0,7,3,0,0,0,0,0,0
"Amycosphaerella.africana",3,0,0,0,12,0,6,5,0,1,0,0,0,2,0,0,0,0,0,0,9,0,0,0
"Anthostomelloides.leucospermi",0,0,0,0,0,0,4,0,0,0,0,0,0,0,0,0,0,0,0,0,0,0,0,0
"Aphanoascus.mephitalis",0,0,0,0,0,0,0,0,0,0,0,0,0,0,0,0,0,0,0,0,0,0,6,0
"Apiotrichum.dehoogii",0,0,4,0,0,0,0,8,0,0,0,0,0,0,0,0,2,0,0,0,0,0,0,0
"Apiotrichum.gamsii",0,0,1,0,11,0,0,0,0,0,0,0,0,0,0,0,0,1,0,0,0,0,12,0
"Apiotrichum.laibachii",0,0,5,0,0,0,6,11,0,0,0,0,0,4,32,1,0,1,1,0,9,0,10,0
"Apiotrichum.mycotoxinovorans",0,0,0,0,0,0,7,46,0,0,0,0,0,6,12,0,0,0,2,0,0,0,34,0
"Aplosporella.africana",0,0,0,0,0,0,0,21,0,0,0,0,0,0,0,0,0,0,0,0,0,0,0,0
"Apodus.deciduus",0,0,0,0,0,0,0,0,0,0,0,0,0,0,0,0,0,0,0,154,0,0,0,0
"Apodus.sp",0,0,0,0,0,0,0,37,0,3,0,0,0,0,0,0,0,0,0,0,0,0,2,0
"Arachnomyces.gracilis",0,0,0,0,0,0,0,23,0,0,0,0,0,5,0,0,0,0,0,0,0,0,6,0
"Arachnomyces.kanei",2,0,0,0,0,5,0,0,0,2,0,0,0,0,39,1,5,0,0,0,15,0,3,0
"Arachnomyces.minimus",0,0,0,0,10,7,0,0,0,0,0,0,0,0,0,0,0,8,0,0,0,0,0,0
"Arachnomyces.pilosus",2,0,42,79,191,21,24,205,0,15,313,12,31,28,76,3,16,24,56,122,188,123,73,0
"Archaeospora.sp",0,0,1,0,11,0,0,77,0,0,0,0,29,28,0,1,5,0,3,0,0,0,0,0
"Armillaria.ostoyae",0,0,4,0,0,0,0,0,0,0,0,0,0,0,0,0,0,0,0,0,0,0,0,0
"Arnium.sp",0,0,0,0,0,0,0,0,0,0,0,0,0,0,0,0,0,0,0,0,0,0,6,0
"Arthothelium.spectabile",0,0,0,0,0,5,0,0,0,0,0,0,0,0,0,0,0,0,0,0,0,0,0,0
"Arthrobotrys.cladodes",4,0,0,0,0,0,0,0,0,0,0,0,0,0,0,0,0,0,0,0,0,0,0,0
"Arthrobotrys.flagrans",0,0,0,0,0,0,0,13,0,0,0,0,0,0,0,0,0,0,0,0,0,0,0,0
"Arthrobotrys.oligospora",0,0,0,0,0,0,0,0,0,0,0,6,0,0,0,0,0,0,0,0,0,0,3,0
"Arthrobotrys.sp",4,0,0,0,34,0,0,20,0,6,0,0,0,0,0,0,0,5,0,0,44,0,19,0
"Arthroderma.uncinatum",0,0,0,0,0,0,0,4,0,0,0,0,0,0,0,0,0,0,0,0,0,0,4,0
"Arthrographis.sp",0,0,0,0,0,0,0,0,0,0,0,0,0,2,0,0,2,0,0,0,0,0,0,0
"Arthropsis.hispanica",0,0,0,0,0,5,0,0,0,0,0,2,0,0,0,0,0,0,0,0,0,0,0,0
"Articulospora.sp",0,0,15,0,30,17,5,119,0,1,0,22,8,20,48,7,4,17,17,0,163,77,48,0
"Ascobolus.sp",13,0,19,0,32,34,60,334,0,27,0,38,24,246,153,6,47,23,12,0,190,0,267,0
"Ascobolus.stercorarius",0,0,0,0,0,0,0,0,0,0,0,0,0,0,43,0,0,0,0,0,0,0,0,0
"Ascochyta.manawaorae",0,0,0,0,0,0,0,33,0,0,0,4,0,0,0,0,0,0,3,0,26,0,14,0
"Ascorhizoctonia.sp",3,0,2,0,0,0,0,16,0,0,0,0,0,0,14,0,0,0,0,0,0,0,19,0
"Aspergillus.affinis",0,0,0,0,0,0,0,11,0,0,0,0,0,4,0,0,0,0,0,0,0,0,0,0
"Aspergillus.amstelodami",1,0,2,0,0,0,11,30,0,11,0,0,4,15,10,3,0,4,4,0,69,0,20,0
"Aspergillus.bombycis",0,0,0,0,0,0,3,41,0,2,0,13,0,6,0,0,0,0,3,0,0,0,6,0
"Aspergillus.caesiellus",0,0,0,0,0,0,1,0,0,0,0,0,0,3,0,0,0,0,0,0,0,0,8,0
"Aspergillus.caninus",0,0,0,0,0,0,8,15,0,0,0,0,0,0,0,0,0,0,0,0,0,0,0,0
"Aspergillus.carbonarius",0,0,0,0,0,0,0,0,0,0,0,0,0,0,0,0,0,0,5,0,0,0,0,0
"Aspergillus.chlamydosporus",0,0,0,65,0,0,0,0,0,0,93,0,0,0,0,0,0,0,0,0,0,0,9,0
"Aspergillus.clavatus",0,0,0,0,0,0,0,0,0,5,0,0,0,0,0,0,0,0,0,0,0,0,0,0
"Aspergillus.deflectus",0,0,0,0,0,0,0,0,0,0,0,0,7,0,0,0,0,0,0,0,0,77,0,0
"Aspergillus.europaeus",0,0,0,0,0,0,0,0,2482,0,50,0,0,0,0,0,0,0,0,0,0,0,0,0
"Aspergillus.flavus",3,0,0,0,0,0,0,8,0,4,0,0,2,7,0,0,0,0,0,0,15,0,11,0
"Aspergillus.frequens",0,0,3,0,21,0,6,30,0,0,0,0,0,0,32,1,0,7,6,0,23,0,7,0
"Aspergillus.fumigatus",1,0,20,0,24,0,12,79,0,8,0,3,5,4,63,6,1,13,0,806,35,185,12,66
"Aspergillus.inflatus",0,0,0,0,0,0,4,8,0,0,0,0,0,0,20,0,0,0,0,0,0,0,0,0
"Aspergillus.insuetus",0,0,8,0,91,15,18,15,0,2,0,10,7,3,21,4,0,3,9,0,48,0,8,0
"Aspergillus.japonicus",0,0,0,0,0,0,0,9,0,0,0,0,0,0,0,0,0,0,0,0,0,0,0,0
"Aspergillus.lanosus",0,0,3,0,0,0,3,0,0,0,0,0,2,0,0,0,14,0,1,0,0,0,0,0
"Aspergillus.melleus",3,0,20,0,104,31,25,127,0,14,219,23,20,28,155,4,8,13,36,0,109,0,68,0
"Aspergillus.neoniveus",0,0,0,0,0,3,0,42,0,0,0,0,5,7,12,0,0,17,2,0,21,0,0,0
"Aspergillus.niger",5,0,26,0,129,9,0,117,0,13,55,34,56,137,37,1,7,22,29,0,62,81,17,71
"Aspergillus.ochraceopetaliformis",0,0,0,76,0,0,0,0,0,0,244,0,0,0,0,0,0,0,0,158,0,143,0,106
"Aspergillus.ochraceus",6,0,34,106,97,17,23,55,0,34,303,21,23,23,1,0,11,16,39,164,168,129,79,56
"Aspergillus.penicillioides",0,0,0,0,1,0,0,6,0,0,52,0,5,0,1,0,0,3,2,71,19,70,0,0
"Aspergillus.pseudodeflectus",0,0,0,0,0,0,0,0,0,0,144,0,0,0,0,0,0,0,0,64,0,119,0,180
"Aspergillus.quadrilineatus",0,0,0,0,0,0,0,13,0,0,0,0,0,2,0,0,0,0,4,0,0,0,1,0
"Aspergillus.ruber",0,0,0,0,0,0,0,0,0,0,160,0,0,0,0,0,0,0,0,50,0,128,0,0
"Aspergillus.sclerotiorum",0,0,6,0,0,0,0,0,0,0,0,4,0,12,0,0,0,0,4,0,0,0,0,0
"Aspergillus.sp",0,0,0,0,1,0,0,12,0,1,0,0,1,1,0,3,0,0,0,0,0,0,13,0
"Aspergillus.spectabilis",0,0,0,0,0,0,0,0,0,0,0,0,0,0,0,0,0,0,0,0,13,0,0,0
"Aspergillus.subversicolor",0,0,0,74,0,0,0,0,0,0,255,0,0,0,0,0,0,0,0,139,0,382,0,156
"Aspergillus.tamarii",0,0,0,0,0,0,0,0,0,0,0,0,0,0,0,0,0,0,0,0,0,52,0,0
"Aspergillus.tardus",0,0,0,0,0,0,0,0,0,0,0,0,0,0,0,0,0,0,0,0,0,0,6,0
"Aspergillus.terreus",2,0,50,0,87,31,24,88,0,28,125,12,7,25,59,1,30,29,52,83,53,85,68,109
"Aspergillus.versicolor",0,0,0,60,0,0,0,0,0,0,52,0,0,0,0,0,0,0,0,0,0,69,0,126
"Aspergillus.wentii",1,0,10,0,11,0,2,22,0,1,0,7,0,9,16,3,0,6,8,0,96,0,22,0
"Astraeus.telleriae",0,0,0,0,0,0,0,0,0,0,0,4,0,0,0,0,0,0,0,0,0,0,0,0
"Auricularia.sp",1,0,0,0,0,0,0,0,0,0,0,0,0,0,14,0,0,0,0,0,0,0,0,0
"Auxarthron.concentricum",0,0,0,0,18,0,0,0,0,0,0,0,0,0,0,0,0,0,0,0,0,0,0,0
"Barnettozyma.californica",0,0,3,0,0,0,0,14,0,0,0,0,0,0,0,0,0,0,0,0,0,0,0,0
"Bartalinia.robillardoides",0,0,0,0,0,0,0,0,0,0,0,0,0,0,0,0,0,3,0,0,0,0,0,0
"Basidioascus.undulatus",0,0,0,0,0,0,0,1,0,0,0,0,1,12,0,0,0,0,0,0,0,0,0,0
"Bauerago.abstrusa",0,0,0,0,0,0,0,0,0,0,0,0,2,0,0,0,0,0,0,0,0,0,0,0
"Beauveria.bassiana",0,0,0,0,0,0,0,0,0,0,0,0,0,0,0,0,0,0,0,0,0,64,5,0
"Beauveria.felina",0,0,0,0,0,0,0,0,0,0,0,0,0,0,0,0,0,0,0,0,6,0,0,0
"Beauveria.sp",0,649,0,0,0,3,4,0,0,0,0,0,0,5,13,4,1,2,0,0,0,0,7,0
"Bionectria.sp",0,0,0,0,0,0,0,0,0,0,0,0,0,0,0,1,0,0,0,0,0,0,5,0
"Blastobotrys.raffinosifermentans",0,0,0,0,0,0,0,11,0,0,0,0,0,0,0,0,0,0,2,0,0,0,0,0
"Blastobotrys.serpentis",0,0,0,0,0,0,0,11,0,0,0,0,0,0,0,0,0,0,1,0,0,0,0,0
"Bloxamia.sp",0,0,0,0,0,0,0,0,0,0,0,0,0,0,0,0,0,0,0,1219,0,0,0,0
"Blumeria.graminis",0,0,0,0,0,0,0,0,0,0,0,0,0,0,1,0,0,0,0,0,0,0,0,0
"Boeremia.exigua",0,0,0,0,0,0,0,0,0,0,0,0,0,0,0,0,0,0,0,0,0,194,0,101
"Botryosphaeria.dothidea",0,0,8,0,0,0,0,0,0,0,0,0,0,0,0,0,0,0,0,0,0,0,5,0
"Botrytis.cinerea",0,0,15,50,43,20,19,116,0,14,0,11,0,8,42,4,6,7,5,0,19,0,26,0
"Bradymyces.alpinus",0,0,0,0,0,0,0,0,0,0,0,2,0,0,0,0,0,0,0,0,0,0,1,0
"Brettanomyces.bruxellensis",6,0,18139,0,20,28,9,38,0,3,0,5,15,0,45,4,2830,1502,0,0,2116,0,33,0
"Bretziella.fagacearum",0,0,0,0,0,0,0,0,0,0,0,0,0,0,0,0,0,0,0,0,25,0,0,0
"Bullera.coprosmae",0,0,0,0,0,4,0,10,0,0,0,0,0,0,0,2,0,0,0,0,0,0,0,0
"Bullera.unica",0,0,0,0,0,0,0,28,0,0,0,0,0,8,0,0,0,0,7,0,0,0,0,0
"Byssochlamys.fulva",0,0,0,0,0,0,0,0,0,0,0,0,0,0,0,0,0,0,0,0,19,0,0,0
"Byssochlamys.nivea",0,0,0,0,0,0,0,0,0,0,0,0,0,0,0,0,0,0,0,0,36,0,0,0
"Cadophora.luteo.olivacea",7,0,38,113,70,101,30,216,0,26,72,36,7,39,131,14,4,51,45,128,454,159,109,58
"Cadophora.malorum",0,0,0,0,0,2,0,0,0,0,0,1,0,0,0,0,0,0,0,0,0,0,3,0
"Cadophora.melinii",0,0,0,0,0,0,0,14,0,0,0,0,0,0,0,0,0,0,0,0,0,0,0,0
"Cadophora.sp",0,0,0,0,0,0,0,0,0,0,0,0,0,0,0,1,0,0,0,0,0,0,0,0
"Calcarisporiella.thermophila",0,0,0,0,0,0,0,0,0,0,0,0,0,0,0,0,0,7,0,0,0,0,0,0
"Calloria.sp",0,0,0,0,0,0,0,0,0,0,0,0,0,0,0,0,0,0,0,59,0,0,0,0
"Calvatia.fragilis",0,0,0,0,0,0,0,0,0,0,0,0,0,5,0,0,0,0,0,0,0,0,0,0
"Calycina.claroflava",0,0,4,0,0,1,0,0,0,0,0,0,0,0,0,0,0,2,0,0,29,0,11,0
"Calyptella.capula",0,0,0,0,0,0,0,0,0,7,0,0,0,0,0,0,0,0,0,0,0,0,0,0
"Candida.boidinii",0,0,0,0,0,0,0,0,0,0,0,0,0,0,0,0,0,0,0,0,0,0,3,0
"Candida.glaebosa",20,0,1,0,4,5,15,17,0,3,0,9,12,3,6,5923,9,3,7,0,12,0,7,0
"Candida.intermedia",0,0,0,0,0,0,0,0,0,0,0,0,0,0,0,0,1,0,0,0,0,0,0,0
"Candida.norvegica",1,0,0,0,0,0,21237,3,0,0,0,1,0,0,16,0,0,0,18,0,0,0,2,0
"Candida.parapsilosis",1,0,0,0,0,144,4,2,0,6,0,5,0,23,0,0,1,0,0,0,0,0,45597,0
"Candida.quercitrusa",0,0,0,0,0,0,0,8,0,0,0,0,0,0,0,0,0,0,0,0,0,0,0,0
"Candida.railenensis",7,0,0,0,1,1,0,11,0,0,0,5,3,4,1,0,3,1,3,0,0,0,3,0
"Candida.sp",6,0,10,0,15,3,16,30,0,0,0,3,4,17,11,4,4,7,4,0,18,0,10,0
"Candida.subhashii",0,0,0,0,0,0,0,0,0,0,0,0,0,0,0,0,0,0,0,0,0,0,7,0
"Candida.tropicalis",0,0,0,0,0,0,0,0,0,0,0,0,0,0,0,0,1,0,2,0,0,0,0,0
"Candida.zeylanoides",0,0,0,0,0,1,0,0,0,1,0,0,0,0,0,0,0,0,0,0,0,0,0,0
"Capnobotryella.sp",0,0,0,0,0,0,0,0,0,0,0,0,0,0,0,1,0,0,0,0,0,0,0,0
"Capnodium.sp",1,0,0,0,0,0,0,19,0,0,0,0,0,0,21,0,0,0,0,0,0,0,0,0
"Capronia.sp",0,0,0,0,0,7,0,13,0,3,0,0,0,0,0,4,0,0,0,0,0,0,3,0
"Catenaria.anguillulae",0,0,0,0,0,0,0,0,0,0,0,0,0,0,0,2,0,0,0,0,17,0,0,0
"Cephaliophora.sp",1,0,12,0,33,1,5,46,0,1,0,4,19,48,30,8,2,16,15,0,74,0,22,0
"Cephalotrichiella.penicillata",4,0,0,0,0,0,0,0,0,3,0,0,0,0,12,0,0,0,0,0,0,0,0,0
"Ceratobasidium.sp",0,0,0,0,10,1,0,11,0,0,0,0,0,6,6,0,0,1,7,0,0,0,9,0
"Ceratocystis.sp",0,0,0,0,0,0,0,0,0,2,0,0,0,0,0,0,0,0,0,0,0,0,0,0
"Cercophora.samala",0,0,0,0,0,0,0,0,0,0,0,0,0,0,0,0,0,0,0,152,0,0,0,67
"Cercophora.sp",0,0,0,0,11,11,0,23,0,3,0,3,0,12,20,0,0,18,0,0,16,95,22,0
"Cercophora.sulphurella",0,0,0,0,0,0,0,24,0,0,0,0,0,4,0,0,0,0,0,0,0,0,10,0
"Cercospora.sojina",21653,0,36702,0,48,3,41000,62,0,174,0,5,45767,31,11370,0,30611,19136,16487,0,52,0,14,0
"Chaetomidium.gallecicum",0,0,0,0,0,1,0,14,0,0,0,3,0,0,0,0,0,0,0,0,0,0,23,0
"Chaetomium.acropullum",0,0,0,0,0,0,0,0,0,0,51,0,0,0,0,0,0,0,0,104,0,0,0,0
"Chaetomium.caprinum",0,0,0,0,0,0,0,0,0,0,0,0,0,0,0,0,0,4,0,0,0,0,0,0
"Chaetomium.globosum",0,0,0,0,0,0,0,0,0,0,0,0,0,0,0,0,0,0,0,99,0,0,0,0
"Chaetomium.homopilatum",0,0,0,0,0,0,0,0,0,0,68,0,0,0,0,0,0,0,0,0,0,0,0,0
"Chaetomium.iranianum",0,0,0,107,0,0,0,0,0,0,209,0,0,0,0,0,0,0,0,0,50,557,0,71
"Chaetomium.longiciliata",0,0,0,0,0,0,0,0,0,0,84,0,0,0,0,0,0,0,0,0,0,126,0,0
"Chaetomium.madrasense",0,0,0,0,0,0,0,0,0,0,52,0,0,0,0,0,0,0,0,0,0,0,0,0
"Chaetomium.megalocarpum",0,0,0,0,0,0,0,0,0,0,252,0,0,0,0,0,0,0,0,0,0,261,0,113
"Chaetomium.perlucidum",0,0,0,0,0,0,0,0,0,0,0,0,0,0,0,0,0,0,0,108,0,0,0,0
"Chaetomium.sp",14,0,103,0,297,48,50,692,0,47,85,101,154,274,177,28,61,101,69,0,385,0,362,0
"Chaetomium.subspirilliferum",0,0,0,0,0,0,0,0,0,0,54,0,0,0,0,0,0,0,0,91,0,0,0,72
"Chaetomium.truncatulum",0,0,0,0,0,0,0,0,0,0,0,0,0,0,0,0,0,0,0,0,0,126,0,0
"Chaetosphaeronema.sp",0,0,0,0,0,0,0,5,0,0,0,0,0,0,0,2,0,0,0,0,0,0,14,0
"Chalara.sp",3,0,0,0,0,0,9,20,0,0,0,4,0,0,0,3,0,0,0,0,0,0,17,0
"Chalastospora.gossypii",0,0,0,0,0,0,0,0,0,0,115,0,0,0,0,0,0,0,0,0,0,0,0,0
"Chloridium.sp",0,0,0,0,0,0,0,0,0,0,0,0,0,0,0,0,0,0,0,0,0,0,1,0
"Chordomyces.antarcticus",0,0,0,0,0,0,0,0,0,0,187,0,0,0,0,0,0,0,0,0,0,0,0,0
"Chrysosporium.europae",0,0,0,0,0,0,0,9,0,0,0,0,0,0,0,0,0,0,0,0,0,0,0,0
"Chrysosporium.fluviale",0,0,0,0,0,0,0,37,0,0,0,0,0,5,0,0,0,0,0,0,0,0,0,0
"Chrysosporium.lobatum",5,393,111,135,295,61,37,381,0,40,318,97,37,133,195,14,24,66,66,363,440,346,126,446
"Chrysosporium.pseudomerdarium",0,0,0,0,0,0,0,0,0,0,312,0,0,0,0,0,0,0,0,0,0,207,0,57
"Chrysosporium.sp",0,0,8,0,18,16,23,289,0,6,0,8,14,10,0,9,15,4,35,0,455,0,21,0
"Chrysosporium.synchronum",0,0,0,283,0,0,0,0,0,0,623,0,0,0,0,0,0,0,0,241,0,1257,0,306
"Ciboria.sp",0,0,0,0,0,0,0,0,0,0,0,0,0,1,0,0,0,0,0,0,0,0,0,0
"Circinella.chinensis",2,0,12,0,43,9,0,0,0,5,0,2,0,0,48,0,6,18,11,0,23,0,9,0
"Cirrenalia.macrocephala",0,0,0,0,22,0,0,7,0,0,0,0,0,5,0,0,0,4,4,0,0,0,0,0
"Cistella.sp",1,0,1,0,49,3,0,46,0,8,0,6,3,11,3,0,1,0,4,0,21,0,12,0
"Cladophialophora.chaetospira",0,0,7,0,0,0,0,29,0,3,0,2,0,22,28,0,1,0,0,0,0,0,1,0
"Cladophialophora.sp",0,0,3,0,0,7,0,16,0,2,0,0,4,0,6,2,0,13,8,0,0,0,10,0
"Cladorrhinum.flexuosum",0,0,0,84,0,0,0,0,0,0,129,0,0,0,0,0,0,0,0,0,0,594,0,63
"Cladorrhinum.foecundissimum",0,0,0,0,0,0,0,0,0,0,0,0,0,0,0,0,0,0,0,103,0,0,0,0
"Cladorrhinum.sp",8,0,90,0,285,112,9,414,0,31,0,61,266,640,409,4,48,147,88,0,259,0,205,0
"Cladosporium.adianticola",0,0,0,0,0,0,0,0,0,0,0,0,0,0,0,0,0,0,2,0,0,0,5,0
"Cladosporium.fusiforme",0,0,0,0,0,0,0,0,0,0,0,0,0,0,0,0,0,0,2,0,0,0,0,0
"Cladosporium.halotolerans",2,0,2,0,0,24,1,16,0,1,0,0,2,47926,6,0,4,6,0,0,1,0,34,0
"Cladosporium.herbarum",6,215,57,343,73,59,32,188,0,5,112,14,21,47,25,607,37,31,19,469,115,734,111,133
"Cladosporium.macrocarpum",0,0,11,0,0,36,16,40,0,12,0,4,0,3,29,0,7,2,15,0,27,0,7,0
"Cladosporium.ramotenellum",0,0,9,0,15,15,7,47,0,11,0,6,8,8,22,3,8,3,10,0,0,0,18,0
"Cladosporium.sphaerospermum",32,0,291,113,439,120,79,542,0,101,0,100,32,205,622,48,175,187,91,108,907,0,236,0
"Cladosporium.velox",0,0,0,0,0,0,0,8,0,0,0,0,0,0,14,0,0,0,0,0,0,0,0,0
"Clarireedia.bennettii",0,0,0,0,15,0,0,33,0,0,0,3,0,7,0,0,0,0,0,0,26,0,18,0
"Claroideoglomus.claroideum",0,0,0,0,0,1,0,1,0,0,0,0,0,16,2,0,0,1,0,0,0,0,1,0
"Claroideoglomus.sp",0,0,0,0,0,0,0,0,0,0,0,0,0,6,0,0,0,4,0,0,0,0,0,0
"Claroideoglomus.walkeri",0,0,0,0,0,0,0,0,0,0,0,0,0,0,4,0,0,0,0,0,0,0,0,0
"Clavaria.californica",0,0,0,0,0,0,0,0,0,0,0,0,0,0,0,0,0,0,0,0,0,0,5,0
"Clavatospora.longibrachiata",0,0,0,0,0,0,0,0,0,0,0,0,0,0,0,0,0,0,2,0,0,0,0,0
"Clavispora.lusitaniae",0,0,0,0,0,0,0,3,0,0,0,0,0,0,0,0,0,0,0,0,0,0,0,0
"Clitopilus.sp",0,0,0,0,0,0,0,0,0,0,0,0,9,0,0,0,0,0,0,0,0,0,0,0
"Clohesyomyces.sp",0,0,1,0,8,0,0,0,0,0,0,0,1,4,9,0,5,3,0,0,16,0,0,0
"Clonostachys.rosea",1,0,0,0,11,2,1,10,0,11,0,0,0,0,0,4,0,5,1,0,29,0,12,0
"Codinaeopsis.sp",0,0,0,0,0,0,0,0,0,0,0,0,0,0,0,0,0,0,0,0,39,0,5,0
"Collariella.bostrychodes",1,0,4,0,44,5,0,0,0,5,0,0,0,2,46,0,0,6,0,0,24,0,5,0
"Colletotrichum.falcatum",0,0,0,0,0,6,0,0,0,0,0,0,0,1,0,0,0,0,6,0,0,0,9,0
"Coniocessia.nodulisporioides",0,0,0,0,0,0,0,0,0,0,0,0,0,12,0,0,0,0,0,0,0,0,0,0
"Coniochaeta.cateniformis",0,0,12,0,0,0,0,0,0,0,0,0,0,0,0,0,2,0,5,0,0,0,4,0
"Coniochaeta.hoffmannii",0,0,2,0,0,0,0,0,0,0,0,0,0,0,0,0,0,0,0,0,0,0,2,0
"Coniophora.olivacea",0,0,0,0,0,0,13,14,0,0,0,3,0,0,0,0,0,0,0,0,0,0,0,0
"Coniosporium.apollinis",0,0,0,0,0,0,0,0,0,0,0,0,0,3,0,0,0,5,0,0,0,0,5,0
"Coniosporium.sp",4,0,5,0,0,10,0,8,0,5,0,4,0,6,19,0,3,1,7,0,2,0,40,0
"Coniothyrium.sp",0,0,8,0,0,0,0,0,0,0,0,0,0,10,0,0,0,0,0,0,0,0,0,0
"Conlarium.sp",0,0,0,0,0,0,11,0,0,0,0,0,4,0,0,0,0,0,0,0,0,0,0,0
"Conocybe.ammophila",0,0,0,0,0,0,0,1,0,0,0,0,0,0,0,0,0,0,0,0,15,0,0,0
"Conocybe.apala",0,0,0,0,0,0,0,20,0,0,0,5,0,0,0,0,0,0,2,0,0,0,0,0
"Conocybe.dunensis",8,0,15,0,29,1,33,59,0,31,0,5,6,28,30,5,2,0,3,0,61,0,182,0
"Conocybe.echinata",0,0,9,0,0,0,0,0,0,3,0,2,0,0,0,0,0,0,0,0,0,0,11,0
"Conocybe.herbarum",0,0,0,0,0,0,0,0,0,0,0,0,0,0,0,0,5,0,0,0,0,0,3,0
"Conocybe.siennophylla",3,0,0,0,0,0,15,90,0,15,0,2,0,3,17,1,2,0,0,0,1,0,56,0
"Constantinomyces.oldenburgensis",0,0,0,0,0,0,0,0,0,0,0,0,0,0,0,0,0,0,0,0,0,81,0,0
"Coprinellus.bisporus",2,0,0,0,27,0,0,31,0,9,0,0,1,19,26,4,9,0,11,0,0,0,25,0
"Coprinellus.curtus",0,0,0,114,0,0,0,0,0,0,351,0,0,0,0,0,0,0,0,78,0,1967,0,95
"Coprinellus.micaceus",0,0,0,0,18,0,0,0,0,0,0,0,0,0,0,0,0,0,0,0,0,0,0,0
"Coprinellus.plagioporus",0,0,0,0,0,0,0,9,0,0,0,0,0,0,0,0,0,0,0,0,0,0,0,0
"Coprinellus.sassii",0,0,0,0,0,0,0,0,0,0,0,0,0,0,0,0,0,0,0,0,0,81,0,0
"Coprinellus.sp",0,0,6,0,0,6,0,26,0,4,0,0,12,14,38,0,0,7,0,0,95,0,24,0
"Coprinellus.xanthothrix",0,5130,0,0,0,0,0,0,0,0,0,0,0,0,0,0,0,0,0,0,0,0,0,0
"Coprinopsis.calospora",0,0,0,0,0,0,0,0,0,2,0,0,3,0,0,0,0,9,0,0,0,0,0,0
"Coprinopsis.clastophylla",0,0,0,0,0,0,0,0,0,0,0,0,0,0,0,0,0,0,0,0,12,0,0,0
"Coprinopsis.laanii",0,0,0,0,0,0,1,0,0,0,0,0,0,0,0,0,0,0,0,0,0,0,0,0
"Coprinopsis.nivea",0,0,0,0,0,0,0,10,0,0,0,0,0,0,0,0,0,0,0,0,21,0,0,0
"Coprinopsis.semitalis",3,0,0,0,0,0,0,11,0,0,0,0,0,0,0,0,0,0,3,0,55,0,3,0
"Coprinopsis.sp",10,0,4,0,0,5,12,11,0,8,0,3,6,15,3,0,8,3,6,0,5,0,14,0
"Coprinopsis.urticicola",0,0,0,302,0,0,0,0,0,0,836,0,0,0,0,0,0,0,0,95,0,332,0,115
"Cordyceps.cateniannulata",0,0,0,0,0,0,0,0,0,2,0,0,0,0,0,0,0,0,0,0,0,0,3,0
"Coriolopsis.gallica",0,0,0,0,0,1,0,0,0,0,0,0,0,0,0,0,0,0,0,0,0,0,0,0
"Cortinarius.sp",18,0,92,0,156,28,15,270,0,54,0,47,51,179,226,3,72,59,52,0,714,0,182,0
"Corynespora.sp",0,0,0,0,0,0,0,0,0,0,0,0,0,0,0,0,0,0,0,0,0,91,0,0
"Crocicreas.sp",0,0,0,0,0,0,0,0,0,0,60,0,0,0,0,0,0,0,0,0,0,0,0,0
"Cryptococcus.amylolentus",0,0,0,0,0,0,0,1,0,0,0,0,0,0,0,0,0,0,0,0,17,0,0,0
"Cryptococcus.sp",9,0,33,0,141,53,33,154,0,21,0,33,28,47,71,10,15,28,23,0,105,0,16,0
"Cryptomarasmius.exustoides",0,0,0,0,0,0,0,6,0,0,0,0,0,0,0,0,0,0,2,0,32,0,0,0
"Ctenomyces.serratus",0,0,0,0,0,0,0,0,0,0,0,0,0,0,0,0,0,0,0,0,0,0,7,0
"Cunninghamella.echinulata",0,0,0,0,0,1,4,8,0,0,0,3,2,27,0,0,0,6,2,0,0,0,0,0
"Cunninghamella.elegans",0,0,0,0,0,0,0,0,0,0,0,0,0,0,0,0,0,0,0,0,0,0,2,0
"Curvularia.buchloes",0,0,2,0,0,0,0,0,0,0,0,0,0,0,0,0,0,0,0,0,0,0,0,0
"Curvularia.geniculata",0,0,0,0,0,0,0,0,0,0,0,0,0,0,0,0,0,0,0,0,0,0,7,0
"Curvularia.inaequalis",0,0,0,0,0,0,0,0,0,0,0,0,0,0,17,0,0,0,0,0,0,0,4,0
"Curvularia.pallescens",0,0,0,0,0,10,8,0,0,0,0,3,0,4,0,0,4,0,14,0,0,0,51,0
"Curvularia.spicifera",0,0,0,0,0,0,0,0,0,0,58,0,0,0,0,0,0,0,0,0,0,0,0,0
"Cutaneotrichosporon.curvatum",0,0,0,0,0,0,0,0,0,0,0,0,0,1,0,0,1,1,0,0,1,0,1,0
"Cutaneotrichosporon.cutaneum",0,0,0,0,0,0,0,0,0,0,0,0,0,0,0,0,0,0,0,0,7,0,0,0
"Cutaneotrichosporon.moniliiforme",0,0,3,0,0,4,1,7,0,0,0,0,0,0,0,0,0,0,0,0,26,0,8,0
"Cyberlindnera.rhodanensis",0,0,0,0,0,0,0,0,0,0,0,0,0,0,0,0,0,0,0,60,0,0,0,0
"Cyberlindnera.veronae",0,0,0,0,21,0,0,47,0,11,0,1,0,0,0,0,1,0,0,0,0,0,0,0
"Cylindrocarpon.sp",1,0,0,0,0,0,0,26,0,0,0,0,0,12,0,3,0,0,4,0,0,0,13,0
"Cyphellophora.sp",0,0,0,0,1,0,0,7,0,0,0,0,0,0,0,3,0,0,0,0,0,0,7,0
"Cyphellophora.vermispora",0,0,0,0,31,0,0,2,0,0,0,3,1,30,0,0,0,1,2,0,41,0,0,0
"Cystobasidium.slooffiae",0,0,0,0,0,0,0,0,0,0,0,1,0,0,0,0,0,0,0,0,0,0,0,0
"Cystofilobasidium.infirmominiatum",1,0,5,0,0,2,0,0,0,0,0,3,4,0,0,0,0,0,2,0,44,0,0,0
"Cystofilobasidium.macerans",0,0,31,194,0,37,0,63,0,0,513,17,22,104,44,0,8,11,5,257,0,831,14,140
"Dactylaria.dimorphospora",0,0,0,0,0,7,0,0,0,0,0,0,0,0,0,1,0,0,0,0,0,0,0,0
"Dactylella.oxyspora",0,0,0,0,0,0,0,0,0,0,0,0,0,0,0,0,0,0,0,0,0,0,4,0
"Dactylella.sp",0,0,0,0,10,0,0,0,0,0,0,0,0,0,0,0,0,0,0,0,0,0,0,0
"Dactylonectria.alcacerensis",0,0,0,0,17,1,10,46,0,5,0,4,4,22,30,0,0,7,3,0,108,0,30,0
"Dactylonectria.estremocensis",0,0,0,0,0,0,0,0,0,0,0,0,0,0,0,0,0,0,0,0,0,0,4,0
"Dactylonectria.macrodidyma",0,0,0,0,0,0,0,0,0,0,62,0,0,0,0,0,0,0,0,64,0,89,0,0
"Dactylonectria.pauciseptata",0,0,0,0,0,0,0,0,0,0,0,0,0,0,0,0,0,0,6,0,0,0,7,0
"Debaryomyces.hansenii",1,0,0,0,1,0,1,6,0,0,0,0,2,2,0,4,0,0,0,0,40,0,2,0
"Degelia.plumbea",0,0,0,0,0,0,0,16,0,1,0,2,0,0,17,0,0,0,8,0,0,0,0,0
"Dendryphion.sp",0,0,0,0,0,0,0,0,0,0,0,0,0,0,0,1,0,0,3,0,0,0,4,0
"Devriesia.sp",0,0,5,0,40,0,2,64,0,3,0,0,0,14,14,2,2,0,0,0,1,0,11,0
"Diaporthe.columnaris",0,0,0,0,31,36,13,105,0,0,0,9,0,6,0,8,1,15,1,0,0,0,96,0
"Diaporthe.cotoneastri",0,0,0,0,0,0,0,0,0,0,0,0,0,0,67,0,0,0,0,0,0,0,0,0
"Diatractium.sp",0,0,0,0,0,0,0,0,0,0,0,0,0,0,0,0,0,0,3,0,0,0,7,0
"Dichotomomyces.sp",0,0,3,0,0,0,5,0,0,0,0,2,0,0,0,0,6,5,2,0,0,0,0,0
"Dichotomopilus.erectus",0,0,0,0,0,0,0,0,0,0,0,2,5,0,0,0,0,0,0,0,0,0,0,0
"Didymella.exigua",0,0,0,338,0,0,0,0,0,0,1055,0,0,0,0,0,0,0,0,648,0,695,0,478
"Didymella.sp",1,0,0,0,0,0,0,0,0,0,0,1,0,0,0,2,0,0,0,0,0,0,0,0
"Didymosphaeria.sp",0,0,0,0,0,0,3,0,0,0,0,1,0,0,2,1,0,0,0,0,0,0,2,0
"Dinemasporium.pseudostrigosum",0,0,0,0,0,0,0,0,0,0,0,0,0,0,0,5,0,0,0,0,0,0,0,0
"Dioszegia.fristingensis",5,0,0,0,0,0,0,0,84,5,0,0,0,0,0,0,0,0,1,0,0,0,0,0
"Dioszegia.hungarica",0,0,0,0,0,0,6,0,0,0,0,0,0,0,0,0,0,0,0,0,0,0,0,0
"Dioszegia.sp",0,0,0,0,0,0,0,0,0,0,0,0,0,0,0,0,0,0,0,0,0,0,4,0
"Dioszegia.zsoltii",5,0,7,0,0,0,14,88,0,0,0,5,0,24,0,4,0,10,4,0,6,0,10,73
"Discohainesia.oenotherae",0,0,0,0,12,0,0,15,0,0,0,9,0,0,0,0,0,0,0,0,0,0,0,0
"Diversispora.sp",0,0,0,0,0,0,0,8,0,0,0,0,0,0,0,0,0,0,0,0,0,0,5,0
"Drechslera.sp",0,0,0,0,0,0,0,7,0,0,0,1,0,5,36,0,0,0,6,0,0,0,12,0
"Effuseotrichosporon.vanderwaltii",0,0,0,0,0,0,0,0,0,0,0,0,0,0,0,1,0,0,0,0,0,0,0,0
"Elsinoe.ampelina",0,0,0,0,0,0,0,0,0,0,0,0,0,6,0,0,0,0,0,0,0,0,0,0
"Elsinoe.terminaliae",0,0,0,0,0,0,0,0,0,0,0,0,0,0,0,0,0,0,0,0,0,0,2,0
"Emmonsia.crescens",0,0,3,0,35,4,6,0,0,0,0,0,6,0,12,1,6,0,0,0,39,0,12,0
"Endosporium.sp",3,0,13,0,2,8,13,41,0,7,0,12,4,23,30,2,0,24,21,0,1,0,3,0
"Entimomentora.hyalina",0,0,0,0,0,0,0,14,0,0,0,0,0,0,0,2,0,8,0,0,0,0,0,0
"Entoloma.perumbilicatum",0,0,0,0,0,0,6,18,0,0,0,0,0,0,0,0,0,0,0,0,0,0,8,0
"Entoloma.platyphylloides",0,0,0,0,0,0,0,0,0,1,0,0,0,0,0,0,0,0,0,0,0,0,0,0
"Entrophospora.sp",0,0,2,0,0,0,0,0,0,0,0,0,0,0,0,0,0,0,0,0,0,0,0,0
"Epicoccum.nigrum",6,0,22,0,141,5,29,94,0,10,0,40,42,39,22,7,31,4,0,0,161,69,61,0
"Epicoccum.plurivorum",0,0,0,0,0,7,0,0,0,0,0,0,0,0,0,0,0,0,0,0,26,0,4,0
"Erysiphe.betae",0,0,0,0,0,0,0,0,0,0,0,0,0,0,0,0,0,0,0,0,0,0,12,0
"Erysiphe.quercicola",3,0,63,0,126,28,9,42,0,12,0,17,26,31,69,6,10,24,22,0,30,0,28,0
"Eucasphaeria.capensis",0,0,0,0,0,0,0,0,0,0,71,0,0,0,0,0,0,0,0,0,0,0,0,0
"Eucasphaeria.sp",0,0,0,0,0,0,0,0,0,0,0,0,0,0,0,0,0,0,0,93,0,0,0,0
"Exophiala.brunnea",9575,0,0,0,3,0,0,0,0,0,0,1,9,0,0,0,0,0,0,0,0,0,9,0
"Exophiala.capensis",0,0,0,0,0,0,0,0,0,0,0,0,0,0,0,0,0,0,1,0,0,0,0,0
"Exophiala.equina",1,0,16,0,25,3,14,105,0,11,0,5,2,6,20,5,25,14,4,73,42,55,56,0
"Exophiala.exophialae",0,0,0,0,13,0,0,0,0,0,0,0,2,0,0,0,0,0,0,0,22,0,14,0
"Exophiala.opportunistica",0,0,4,0,12,16,0,44,0,2,0,0,0,3,0,5,0,20,0,0,28,0,14,0
"Exophiala.pisciphila",3,0,10,0,0,2,4,19,0,2,0,7,11,0,24,0,4,0,11,0,8,0,37,0
"Exophiala.salmonis",0,0,0,0,14,2,0,0,0,0,0,0,0,3,0,0,0,0,0,0,34,0,0,0
"Exophiala.sp",1,0,0,0,0,0,0,9,0,0,0,0,2,0,0,0,0,0,0,0,21,63,7,0
"Exophiala.xenobiotica",0,0,0,0,0,0,0,0,0,0,0,0,0,4,0,0,0,0,0,0,0,0,0,0
"Faurelina.indica",0,0,0,0,0,0,0,0,0,0,0,0,0,0,0,7,0,0,0,0,0,0,0,0
"Fibulobasidium.inconspicuum",0,0,0,0,0,0,0,0,0,1135,0,0,0,0,0,0,0,0,0,0,0,0,0,0
"Filobasidium.chernovii",2,0,17,0,10,6,16494,23,0,9,0,3,0,7,16,3,6,3,26,0,15,0,10,0
"Filobasidium.floriforme",5,0,13,0,0,28,14,32,0,4,0,2,0,23,23,0,4,12,2,0,28,0,61,0
"Filobasidium.magnum",0,0,0,0,0,8,11,26,0,10,0,0,1,7,24,5,0,5,5,0,43,0,41,0
"Filobasidium.oeirense",0,0,0,0,41,3,0,12,0,0,0,4,8,3,0,1,0,0,5,0,0,0,0,0
"Filobasidium.wieringae",1,0,1,0,0,0,13355,9,0,11,0,1,0,4,39,1,3,3,25,0,22,0,0,0
"Fomitiporia.mediterranea",0,0,0,0,0,0,0,0,0,0,0,0,0,0,0,0,0,0,0,0,10,0,0,0
"Friedmanniomyces.sp",0,0,0,0,0,0,0,9,0,0,0,0,0,0,0,0,0,0,0,0,0,0,0,0
"Funneliformis.mosseae",0,0,0,0,0,0,0,0,0,0,0,0,0,2,0,0,0,0,0,0,0,0,0,0
"Furcasterigmium.furcatum",0,0,0,0,27,0,0,0,0,0,0,0,6,0,0,0,0,7,0,0,0,0,0,0
"Fusariella.sp",0,0,0,0,0,0,0,0,0,0,52,0,0,0,0,0,0,0,0,0,0,119,0,0
"Fusarium.acuminatum",0,0,6,0,26,8,18,77,0,0,0,11,13,22,0,15,6,3,16,0,58,0,83,0
"Fusarium.beomiforme",0,0,0,0,0,0,0,0,0,0,0,0,0,3,0,0,0,0,0,0,0,0,0,0
"Fusarium.delphinoides",0,0,5,0,0,0,0,14,0,0,0,0,0,0,0,0,3,0,0,0,0,0,0,0
"Fusarium.equiseti",7,0,24,381,118,29,50,256,0,19,445,34,20,84,119,6,21,31,40,632,156,1401,240,263
"Fusarium.incarnatum",0,0,0,0,0,0,0,0,0,0,0,0,0,0,1,4,1,0,1,0,2,0,1,0
"Fusarium.longipes",1,0,1,0,9,3,5,1,0,0,0,0,17,18,23,1,6,9,2,0,27,0,21,0
"Fusarium.oxysporum",0,0,0,115,0,0,0,0,0,0,272,0,0,0,0,0,0,0,0,473,0,337,0,0
"Fusarium.proliferatum",0,0,0,0,0,0,0,0,0,0,0,0,0,0,0,0,0,0,0,0,0,0,0,334
"Fusarium.pseudensiforme",0,0,0,120,0,15,2,29,0,0,0,0,0,0,0,3,0,0,4,0,0,0,7,0
"Fusarium.solani",0,0,0,0,0,0,0,0,140,0,0,0,0,0,0,0,0,0,0,0,0,0,0,0
"Fusarium.sp",0,0,0,0,0,3,0,0,0,0,0,3,0,0,0,0,5,10,0,0,0,0,10,0
"Fusarium.tricinctum",0,0,0,254,0,0,0,0,0,0,314,0,0,0,0,0,0,0,0,257,0,1226,0,229
"Fusarium.virguliforme",0,0,0,0,0,0,0,0,0,0,0,0,0,0,0,0,0,4,0,0,0,0,0,0
"Fusicolla.septimanifiniscientiae",0,0,0,0,0,0,0,0,0,0,0,0,0,0,0,0,0,0,0,69,0,0,0,0
"Fusidium.griseum",0,0,0,0,0,0,2,0,0,0,0,0,6,16,0,0,0,0,0,0,28,0,0,0
"Gaeumannomyces.wongoonoo",0,0,0,0,14,6,0,0,0,3,0,7,4,0,0,6,6,0,3,0,15,0,1,0
"Gamsomyces.longisporus",0,0,0,0,0,0,0,0,0,0,0,0,3,0,0,0,0,0,0,0,0,0,0,0
"Ganoderma.applanatum",0,0,0,0,0,0,0,0,0,0,0,0,0,0,0,0,0,0,0,0,0,60,0,0
"Ganoderma.resinaceum",0,0,0,0,0,0,0,0,0,0,0,0,0,0,27,0,0,0,0,0,0,0,0,0
"Geastrum.floriforme",0,0,0,0,0,4,0,0,0,0,0,0,0,0,0,0,0,0,0,0,0,0,0,0
"Geminibasidium.sp",0,126,3,0,0,0,0,0,0,0,0,7,0,0,0,7,0,12,12,0,0,0,21,0
"Geomyces.sp",0,0,0,0,0,0,0,0,0,0,0,0,0,0,0,0,0,0,0,72,0,0,1,57
"Geopyxis.sp",0,0,0,0,0,0,0,0,0,0,0,0,0,0,0,0,0,0,0,0,0,0,7,0
"Geotrichum.candidum",0,0,1,0,0,0,3,5,0,127,0,4,0,2,15,0,0,0,1,0,0,0,0,0
"Geotrichum.klebahnii",0,0,0,0,0,0,4,0,0,2,0,0,1,0,0,0,0,0,0,0,0,0,0,0
"Geotrichum.sp",0,0,0,0,0,0,0,4,0,0,0,0,0,0,0,0,0,0,0,0,0,0,0,0
"Gibellulopsis.nigrescens",7,0,41,0,296,57,110,661,0,50,0,65,49,48,183,11,48,66,60,0,512,0,422,0
"Gibellulopsis.serrae",0,0,0,0,0,0,0,0,0,0,448,0,0,0,0,0,0,0,0,237,0,226,0,164
"Glarea.lozoyensis",0,0,0,0,0,0,0,0,0,0,0,5,0,7,0,0,0,0,0,0,0,0,0,0
"Glarea.sp",0,0,0,0,0,0,0,0,0,0,0,0,0,0,0,4,0,0,0,0,0,0,0,0
"Glomus.sp",0,0,1,0,0,0,0,1,0,0,0,0,0,1,2,0,0,0,0,0,0,0,0,0
"Gremmenia.infestans",0,0,0,0,0,0,0,0,0,0,87,0,0,0,0,0,0,0,0,60,0,128,0,0
"Gymnascella.aurantiaca",0,0,0,0,0,0,0,14,0,0,78,0,0,0,0,0,0,0,0,0,0,0,12,0
"Gymnoascus.reesii",0,0,0,0,0,0,2,16,0,0,0,0,0,0,0,1,0,0,0,0,0,0,5,0
"Gymnostellatospora.alpina",0,0,9,0,28,9,23,80,0,6,0,6,6,60,26,6,0,24,21,0,47,0,59,0
"Gyoerffyella.sp",0,0,0,0,0,0,0,26,0,0,0,0,0,0,0,0,0,0,3,0,0,0,8,0
"Gyrothrix.circinata",0,0,0,0,0,0,0,0,0,0,0,0,0,0,0,0,5,0,0,0,0,0,0,0
"Haematonectria.haematococca",0,0,15,0,20,5,11,32,0,5,0,6,6,58,62,0,13,6,23,0,83,0,38,0
"Hannaella.luteola",0,0,5,0,0,0,0,0,0,1,0,0,0,1,0,0,0,0,0,0,0,0,0,0
"Hannaella.oryzae",0,0,5,0,0,2,0,43,0,0,0,0,0,0,0,0,6,0,0,0,0,51,0,0
"Hannaella.sinensis",0,0,0,0,0,0,0,0,0,0,0,0,0,0,0,0,2,0,0,0,0,0,0,0
"Hannaella.sp",0,0,5,0,0,0,1,0,0,0,0,0,0,0,0,0,0,0,0,0,0,0,0,0
"Hanseniaspora.valbyensis",0,0,2,0,1,0,0,0,0,1,0,0,0,0,0,0,0,2,0,0,5,0,0,0
"Harzia.acremonioides",0,0,5,0,0,0,0,0,0,0,0,0,0,0,28,5,0,0,3,0,0,0,6,0
"Helgardia.sp",0,0,0,0,0,0,0,11,0,0,0,0,0,6,0,0,0,0,0,0,0,0,0,0
"Helicoma.sp",0,0,0,0,0,0,0,0,0,0,0,0,0,0,0,0,0,0,0,0,0,0,5,0
"Helminthosporium.solani",0,0,4,0,0,6,0,0,0,3,0,0,0,0,23,0,0,0,0,0,0,0,8,0
"Helvella.lacunosa",0,0,0,0,0,0,0,0,0,0,0,0,0,0,0,0,0,0,3,0,0,0,0,0
"Heteroconium.sp",0,0,5,0,0,0,6,18,0,0,0,0,0,0,0,0,0,0,0,0,0,57,10,0
"Hirsutella.aphidis",0,0,0,0,0,0,0,0,0,0,0,0,0,0,0,0,0,0,4,0,0,0,0,0
"Hirsutella.minnesotensis",0,0,0,0,0,1,0,0,0,0,0,0,0,3,0,0,0,0,0,0,0,0,0,0
"Hispidoconidioma.sp",0,0,0,0,0,1,0,0,0,1,0,0,0,0,0,0,0,2,2,0,0,0,0,0
"Hohenbuehelia.sp",0,0,0,0,0,0,0,0,0,0,0,0,0,0,0,0,0,0,0,0,0,0,10,0
"Holtermannia.corniformis",0,0,10,0,0,7,0,4,0,2,0,0,0,14,0,0,0,0,0,0,10,0,0,0
"Holtermanniella.takashimae",0,0,0,0,0,0,0,0,0,0,0,0,0,0,0,0,0,0,0,105,0,0,0,0
"Hormonema.sp",0,0,0,0,0,0,5,0,0,0,0,0,0,0,0,0,0,0,0,0,0,0,0,0
"Humicola.nigrescens",3,0,3,67,34,7,3,22,0,5,126,6,0,13,40,1,7,0,8,160,46,154,22,71
"Humicola.olivacea",0,0,0,104,0,0,0,0,0,0,223,0,0,0,0,0,0,0,0,103,0,92,0,175
"Humicola.sp",0,0,0,53,0,0,0,0,0,0,138,0,0,0,0,0,0,0,0,90,0,0,6,0
"Hyalorbilia.oviparasitica",0,0,2,0,0,0,3,0,0,1,0,0,0,9,0,0,0,0,0,0,0,0,0,0
"Hyaloscypha.sp",0,0,0,0,0,0,0,0,0,0,0,0,0,0,0,0,0,0,0,0,0,0,4,0
"Hydnocystis.piligera",0,0,0,0,0,0,0,0,0,0,0,0,2,0,0,0,0,0,0,0,0,0,0,0
"Hydropisphaera.erubescens",0,0,0,0,0,0,0,16,0,0,0,0,0,0,0,0,0,8,0,0,0,0,0,0
"Hymenogaster.huthii",0,0,0,0,0,0,0,0,0,0,0,0,2,0,0,0,0,0,4,0,0,0,0,0
"Hymenoscyphus.sp",0,0,5,0,0,0,3,0,0,0,55,0,0,0,0,0,0,0,0,0,0,56,11,0
"Hyphodontia.palmae",0,0,0,0,0,0,0,9,0,3,0,0,0,0,0,0,0,6,2,0,34,0,0,0
"Hypholoma.fasciculare",0,0,0,0,0,0,0,0,0,0,0,7,0,0,0,0,0,0,0,0,0,0,0,0
"Hypomyces.sp",0,0,0,0,0,0,0,21,0,0,0,0,0,0,0,0,0,0,0,0,0,0,0,0
"Idriella.rara",2,0,7,0,0,0,0,0,0,2,0,2,0,0,0,1,0,0,0,0,42,0,23,0
"Ilyonectria.robusta",0,0,0,0,0,0,0,0,0,0,51,0,0,0,0,0,0,0,0,0,0,0,0,0
"Inocybe.sp",2,0,0,0,0,4,0,8,0,4,0,0,0,0,0,0,0,0,0,0,0,0,4,0
"Inosperma.rhodiolum",0,0,0,0,0,0,4,0,0,0,0,0,0,0,0,0,0,0,0,0,0,0,3,0
"Itersonilia.pannonica",0,0,0,0,0,0,0,0,0,0,0,0,0,0,0,0,0,5,0,0,0,0,0,0
"Itersonilia.perplexans",0,0,8,0,0,0,2,82,0,5,0,3,0,0,38,0,1,11,3,0,28,0,23,0
"Keissleriella.sp",0,0,0,0,0,0,0,0,0,0,0,0,0,0,0,0,0,0,0,0,0,114,0,60
"Kendrickiella.phycomyces",0,0,0,0,0,0,0,0,0,0,0,0,0,0,0,0,0,0,0,0,0,0,7,0
"Kernia.pachypleura",0,0,0,0,0,1,0,8,0,0,0,0,0,0,10,0,0,0,0,0,0,0,2,0
"Kluyveromyces.marxianus",0,0,0,0,15,1,1,30,0,0,0,0,0,5,0,0,0,0,9,0,0,0,0,0
"Knufia.petricola",0,0,0,0,0,0,0,0,0,0,0,0,0,0,0,0,0,0,0,0,0,0,5,0
"Kregervanrija.fluxuum",0,0,2,0,0,0,3,0,0,0,0,0,0,6,10,1,0,0,2,0,0,0,0,0
"Kregervanrija.pseudodelftensis",0,0,1,0,0,0,0,0,0,0,0,0,0,4,0,0,0,0,0,0,0,0,0,0
"Kuraishia.sp",0,0,0,0,0,11,0,0,0,0,0,2,0,0,0,0,0,0,1,0,0,0,0,0
"Laccaria.sp",0,0,0,0,0,0,0,12,0,0,0,0,0,0,0,0,0,0,0,0,0,0,0,0
"Lachnum.virgineum",0,0,0,0,0,0,5,0,0,0,0,0,0,0,0,0,0,0,0,0,0,0,0,0
"Laetisaria.arvalis",0,0,0,0,0,0,6,14,0,0,0,0,0,0,0,1,0,0,0,0,1,0,12,0
"Lasiobolus.papillatus",0,0,0,0,0,0,0,0,0,0,0,0,0,0,0,0,0,0,0,0,0,59,0,0
"Lasionectriopsis.spinosa",0,0,0,0,0,0,0,0,0,0,0,0,0,0,0,0,4,0,0,0,0,0,0,0
"Lecanicillium.dimorphum",1,0,0,0,0,0,0,0,0,0,0,0,1666,0,1,0,0,0,0,0,0,0,0,0
"Lecanicillium.psalliotae",0,0,0,0,0,0,0,0,0,0,0,0,4,0,0,0,0,0,0,0,0,0,0,0
"Lecanicillium.saksenae",0,0,0,0,0,0,0,0,0,0,0,0,0,0,0,0,0,0,0,0,25,0,11,0
"Lecanora.rugosella",0,0,0,0,0,0,1,0,0,0,0,0,0,0,0,0,0,0,0,0,0,0,0,0
"Lecanora.sp",0,0,0,0,0,0,0,0,0,0,0,0,0,0,0,0,0,0,0,0,0,0,4,0
"Lecidella.elaeochroma",0,0,0,0,0,1,0,0,0,0,0,0,0,0,0,0,0,0,0,0,0,0,0,0
"Lectera.colletotrichoides",0,0,0,0,0,0,0,0,0,1,0,0,0,2,0,1,0,0,0,0,0,0,0,0
"Lecythophora.sp",0,0,10,0,10,9,0,26,0,3,63,2,0,3,0,0,0,0,0,129,0,0,10,0
"Lentinus.squarrosulus",0,0,0,0,0,0,5,0,0,0,0,0,0,4,0,0,0,0,0,0,0,0,0,0
"Leohumicola.minima",0,0,5,0,0,0,7,0,0,0,0,0,0,0,38,0,0,0,0,0,0,0,0,0
"Lepista.saeva",0,0,0,0,0,0,0,0,0,0,0,0,0,2,0,0,0,0,0,0,0,0,0,0
"Leptosphaeria.contecta",0,0,0,0,0,0,0,0,0,0,0,0,0,0,0,0,0,0,0,0,0,0,5,0
"Leptosphaeria.maculans",0,0,0,0,0,0,0,0,0,0,0,0,7,0,0,0,0,0,0,0,0,0,0,0
"Leptosphaeria.microscopica",3,0,0,0,0,0,0,47,0,1,0,0,5,6,0,0,9,7,2,0,0,0,26,0
"Leptosphaeria.sp",0,0,0,0,21,1,0,7,0,0,0,11,0,5,9,0,0,0,0,0,34,0,8,0
"Leptosphaerulina.australis",0,0,6,0,0,0,0,0,0,0,0,0,0,0,0,0,0,0,0,0,0,0,0,0
"Leptosphaerulina.trifolii",0,0,10,0,0,0,15,16,0,4,0,9,0,10,0,1,0,0,0,0,0,0,0,0
"Leptospora.rubella",0,0,0,0,0,0,0,5,0,0,0,0,0,0,0,0,0,0,2,0,25,0,13,0
"Letendraea.sp",0,0,0,0,0,0,0,0,0,0,0,5,6,0,0,0,0,0,0,0,0,0,0,0
"Leucoagaricus.barssii",5,0,0,0,0,0,0,0,0,0,0,0,0,0,0,0,0,0,0,0,0,0,0,0
"Leucoagaricus.leucothites",0,0,0,0,0,0,0,0,0,0,0,2,0,0,0,0,0,0,0,0,0,0,0,0
"Leucocoprinus.cretaceus",3,0,0,0,12,0,0,0,0,0,0,0,0,8,0,0,0,0,0,0,0,0,0,0
"Leucocoprinus.straminellus",0,0,0,0,0,0,0,0,0,0,0,0,0,0,0,0,0,7,0,0,0,0,0,0
"Leucopaxillus.gentianeus",0,0,0,0,0,0,0,14,0,0,0,0,0,0,0,0,0,0,0,0,0,0,0,0
"Leucosporidium.drummii",0,240,0,0,0,0,0,7,0,0,0,0,0,0,0,0,0,0,0,0,0,0,0,0
"Leucosporidium.yakuticum",0,0,0,0,0,1,1,0,0,0,0,0,4,1,0,0,0,0,0,0,0,0,3,0
"Lindtneria.sp",0,0,6,0,0,0,0,0,0,0,0,0,0,0,0,0,0,0,0,0,0,0,0,0
"Lipomyces.chichibuensis",0,0,0,0,0,0,0,0,0,0,0,0,0,4,0,0,0,0,0,0,0,0,0,0
"Lipomyces.lipofer",0,0,0,0,0,0,0,0,0,0,0,0,0,0,0,0,0,0,2,0,17,0,0,0
"Lipomyces.tetrasporus",0,0,5,0,0,0,6,0,0,4,0,0,0,14,0,0,9,0,5,0,0,0,0,0
"Lithophila.guttulata",0,0,0,21401,0,0,0,0,0,0,0,0,0,0,0,0,0,0,0,0,0,0,0,0
"Lodderomyces.elongisporus",0,0,0,0,0,0,0,0,0,0,0,0,0,0,0,0,0,1,0,0,0,0,0,0
"Lomentospora.prolificans",0,0,0,0,0,0,0,26,0,0,0,0,0,0,0,0,0,0,0,0,53,0,11,0
"Lophiostoma.sp",3,0,3,0,14,2,0,52,0,5,0,8,29,94,75,4,11,23,5,0,54,0,22,0
"Lophiotrema.rubi",0,0,0,0,0,0,0,0,0,0,61,0,0,0,0,0,0,0,0,0,0,0,0,0
"Lophotrichus.fimeti",7,0,8,0,86,11,27,77,0,13,0,4,14,35,51,4,5,9,28,0,113,0,80,0
"Luellia.cystidiata",0,0,0,0,18,6,0,190,0,1,0,5,6,20,0,0,9,7,6,0,0,0,26,0
"Luellia.sp",0,0,0,0,0,0,0,0,0,0,0,0,0,0,0,0,0,0,0,0,0,134,0,0
"Lyomyces.sp",0,0,0,0,0,0,0,0,0,0,0,0,0,0,0,0,0,0,0,0,0,0,3,0
"Macrocystidia.cucumis",0,0,0,0,0,4,0,0,0,0,0,0,0,0,0,0,0,0,0,0,0,0,0,0
"Macrophomina.phaseolina",0,0,0,0,0,0,0,21,0,2,0,0,0,13,12,2,0,3,3,0,9,0,6,0
"Madurella.sp",2,0,6,0,39,9,14,252,0,0,180,42,46,157,70,0,10,17,8,0,0,0,9,63
"Magnaporthiopsis.maydis",0,0,0,0,0,0,0,0,0,0,0,5,0,8,0,0,0,1,0,0,0,0,0,0
"Magnaporthiopsis.panicorum",5,0,2,0,14,16,0,0,0,2,0,19,15,43,40,0,0,7,0,0,0,0,0,0
"Malassezia.globosa",0,0,0,0,0,5,0,0,0,30,0,0,0,4464,0,0,0,1,0,0,0,0,5,0
"Malassezia.restricta",82,0,779,0,327,129,223,11,0,773,0,0,212,4805,659,39,1019,166,65,0,1593,0,16,0
"Malassezia.sp",62,0,0,0,0,0,79,46,0,18,0,43,72,1309,0,0,153,0,10,0,0,0,0,0
"Malbranchea.sp",0,0,0,0,0,0,0,0,0,0,0,0,0,0,0,0,0,0,0,0,5,0,0,0
"Melanelixia.fuliginosa",0,0,0,0,0,0,0,0,0,0,0,0,0,0,0,0,0,0,0,0,0,0,1,0
"Melanoleuca.decembris",0,0,0,0,0,0,0,0,0,0,0,0,0,0,0,0,0,0,0,0,0,0,11,0
"Melanospora.tiffanyae",1,0,0,0,31,0,12,71,0,1,0,6,18,19,0,0,0,0,0,0,25,0,34,0
"Memnoniella.echinata",4,0,29,0,86,27,19,19,0,10,0,8,20,21,30,5,20,23,22,0,58,0,11,0
"Meristemomyces.frigidus",0,0,0,0,0,0,0,0,0,0,0,6,0,0,0,1,1,0,0,0,0,0,0,0
"Metarhizium.anisopliae",2,0,16,0,0,5,8,55,0,0,0,0,1,13,30,0,2,0,5,0,68,0,22,0
"Metarhizium.lepidiotae",0,0,0,0,0,0,0,0,0,0,0,0,0,0,0,0,0,3,0,0,0,0,0,0
"Metarhizium.marquandii",0,0,0,0,0,9,0,0,0,7,0,0,0,12,0,1,2,2,4,79,9,0,20,0
"Metschnikowia.chrysoperlae",3,0,6,0,10,11,19,7,0,0,0,7,6,16,25,18,0,7,2,0,85,0,59,0
"Metschnikowia.fructicola",1,0,11,0,58,9,20,36,0,5,0,16,2,15,0,0,0,8,4,0,71,0,91,0
"Metschnikowia.pulcherrima",6,0,7,0,23,26,9,54,0,20,0,11,11,5,32,7,9,13,6,0,60,0,69,0
"Meyerozyma.guilliermondii",0,0,1,0,36,2,11,50,0,1,0,0,0,10,13,0,1,2,0,0,0,0,3,0
"Microascus.croci",0,0,0,0,0,0,0,0,0,0,126,0,0,0,0,0,0,0,0,0,0,0,0,0
"Microascus.sp",3309,0,0,0,12,0,0,51,0,0,0,4,5,5,0,2,0,2,4,0,28,0,11,0
"Microdiplodia.sp",0,0,0,0,0,0,0,0,0,0,0,0,0,0,0,0,0,0,0,0,0,0,5,0
"Microdochium.bolleyi",0,0,15,0,11,0,0,55,0,2,0,0,15,37,0,3,4,17,3,0,18,68,19,0
"Microdochium.sorghi",0,0,0,0,0,0,0,0,0,0,0,3,0,0,0,0,0,0,0,0,0,0,0,0
"Microdochium.sp",0,0,2,0,0,8,10,17,0,14,0,6,0,0,0,0,1,0,0,53,0,0,18,0
"Microscypha.sp",0,0,0,0,0,0,0,0,0,0,0,0,0,0,0,0,0,0,0,0,0,0,4,0
"Millerozyma.farinosa",0,0,0,0,0,0,0,0,0,0,0,0,0,0,0,0,0,0,0,0,0,0,1,0
"Minimedusa.sp",0,0,1,0,68,11,16,44,0,3,0,1,0,5,47,6,6,2,9,0,29,0,41,0
"Mollisia.sp",0,0,0,0,0,0,0,1,0,3,0,0,0,1,0,0,0,0,0,0,0,0,22,0
"Monacrosporium.leptosporum",0,0,0,0,0,0,0,0,0,0,0,0,0,0,0,0,0,2,0,0,15,0,0,0
"Monascus.purpureus",0,0,0,0,0,0,0,14,0,0,0,0,0,0,0,0,0,0,0,0,0,0,0,0
"Monocillium.indicum",0,0,0,0,0,0,0,0,0,0,0,0,0,0,0,5,8,12,0,0,0,0,0,0
"Monocillium.mucidum",0,202,0,0,0,0,0,0,0,0,0,0,0,0,0,0,0,0,0,277,0,0,0,0
"Monographella.nivalis",4,0,3,0,41,1,6,81,0,3,0,0,2,6,22,2,0,8,0,0,10,0,31,0
"Monographella.sp",0,0,0,0,20,0,1,0,0,0,0,0,5,2,0,0,0,0,0,0,0,0,2,0
"Monosporascus.cannonballus",0,0,3,0,0,5,0,0,0,0,0,0,0,0,0,0,0,0,0,0,0,0,0,0
"Monosporascus.eutypoides",0,0,0,0,0,0,0,0,0,0,0,0,0,0,0,0,0,0,0,0,25,0,1,0
"Monosporascus.sp",0,0,0,0,0,1,5,13,0,0,0,1,0,0,0,4,0,0,3,0,15,0,10,0
"Montagnula.aloes",0,0,0,0,0,0,0,0,0,0,0,0,0,0,0,0,0,0,6,0,0,0,0,0
"Mortierella.alpina",0,3169,0,517,55,0,0,13,0,0,100,2,0,0,0,0,0,0,0,377,0,469,0,98
"Mortierella.ambigua",0,0,0,0,0,0,0,0,0,4,0,0,0,0,0,0,0,0,0,0,11,0,0,0
"Mortierella.amoeboidea",0,0,0,0,0,0,0,0,0,0,0,1,0,0,0,0,0,0,0,0,0,0,0,0
"Mortierella.angusta",0,0,0,0,21,0,4,47,0,0,0,0,0,0,0,0,0,0,2,0,13,0,0,0
"Mortierella.camargensis",15,0,34,0,33,37,41,314,0,27,0,32,46,51,25,37,11,42,34,0,159,0,206,0
"Mortierella.chienii",0,0,0,0,0,2,9,0,0,0,0,0,0,1,0,0,0,7,0,0,0,0,7,0
"Mortierella.chlamydospora",3,0,0,0,8,0,0,43,0,1,0,0,0,0,0,1,12,13,1,0,0,0,15,0
"Mortierella.clonocystis",29,0,145,0,327,138,184,1218,0,65,0,106,70,201,302,80,105,96,103,0,1617,0,794,0
"Mortierella.dichotoma",0,0,1,0,0,0,0,0,0,0,0,0,0,0,0,0,0,0,2,0,0,0,0,0
"Mortierella.elongata",16,0,71,0,256,54,104,586,52,38,0,41,153,265,343,14,24,80,33,0,252,0,335,0
"Mortierella.exigua",10,0,35,95,104,49,33,543,0,12,0,25,36,71,93,14,34,20,36,276,157,92,37,0
"Mortierella.gamsii",0,0,0,103,0,0,0,0,0,0,0,0,0,0,0,0,0,0,0,273,0,56,0,0
"Mortierella.globulifera",0,0,0,0,0,0,0,26,0,7,0,0,0,0,0,0,0,0,0,0,0,50,0,0
"Mortierella.humilis",4,0,0,0,21,0,0,53,0,7,0,0,0,8,79,2,0,2,8,0,53,0,11,0
"Mortierella.hyalina",0,0,0,0,0,0,0,0,0,0,0,0,0,0,0,0,0,0,0,58,0,0,0,0
"Mortierella.indohii",0,0,0,64,0,0,0,0,0,0,0,0,0,0,0,0,0,0,0,0,0,0,0,0
"Mortierella.minutissima",0,555,0,236,0,0,0,0,0,0,0,0,0,0,0,0,0,0,0,344,0,150,0,0
"Mortierella.oligospora",0,0,16,0,0,1,3,11,0,9,0,4,4,0,33,0,7,1,4,0,20,0,7,0
"Mortierella.rishikesha",0,340,0,86,0,0,0,0,194,0,0,0,0,0,0,0,0,0,0,274,0,198,0,0
"Mortierella.sarnyensis",0,0,0,209,0,0,0,0,12017,0,200,0,0,0,0,0,0,0,0,510,0,401,0,205
"Mortierella.sp",102,362,324,140,1109,319,526,3135,0,270,0,268,391,923,1148,149,201,244,246,469,3211,107,2019,0
"Mortierella.stylospora",2,0,11,0,0,14,2,60,0,11,0,8,0,9,68,0,5,5,5,107,38,0,67,0
"Mortierella.zonata",0,0,0,0,0,0,0,0,0,0,0,0,0,0,0,0,0,0,0,67,0,0,0,0
"Mortierella.zychae",0,0,0,0,0,0,0,0,0,0,0,0,0,0,0,0,0,0,0,0,52,0,1,0
"Mrakia.frigida",0,0,0,0,0,0,0,8,0,0,0,0,0,0,0,0,0,0,0,0,0,0,0,0
"Mucor.brunneogriseus",0,0,0,0,11,0,15,0,0,3,0,0,0,0,25,0,3,0,0,0,33,0,9,0
"Mucor.circinelloides",0,0,0,0,0,11,0,0,0,1,0,0,0,12,0,0,0,0,0,0,0,0,9,0
"Mucor.hiemalis",0,0,2,0,0,0,0,12,0,0,0,1,1,1,17,0,6,0,0,0,11,0,1,0
"Mucor.sp",0,0,0,0,0,0,0,0,0,0,0,0,0,0,0,0,0,0,1,0,0,0,0,0
"Mycena.sp",0,0,0,0,0,0,0,0,0,7,0,0,0,0,0,0,0,5,0,0,21,0,0,0
"Mycocalicium.sp",0,0,0,0,0,0,0,0,0,0,0,0,0,0,0,0,0,0,74,0,0,0,0,0
"Mycoleptodiscus.sp",0,0,0,0,0,0,0,0,0,5,0,0,0,0,0,0,0,0,0,0,0,0,0,0
"Mycosphaerella.rubella",0,0,0,0,0,0,0,1,0,0,0,0,0,0,0,0,0,0,0,0,0,0,0,0
"Mycothermus.thermophilus",0,0,3,0,0,7,0,10,0,0,0,0,0,1,19,8,4,0,9,0,49,0,9,0
"Myrothecium.inundatum",0,0,0,0,0,0,0,0,0,0,0,0,0,0,0,0,0,0,0,0,0,0,5,0
"Myrothecium.sp",0,0,0,0,30,3,0,4,0,0,0,0,0,2,25,0,3,14,0,0,0,0,17,0
"Myxotrichum.deflexum",4,0,0,0,0,20,0,3,0,0,0,0,0,0,25,10,0,0,21,0,24,60,0,0
"Myxotrichum.sp",0,0,0,0,0,0,0,0,0,0,0,0,0,0,0,0,0,0,3,0,0,0,0,0
"Nadsonia.commutata",7,0,6,0,46,0,12,30,0,5,0,9,0,22,31,1,0,14,4,0,34,0,35,0
"Naevala.sp",0,0,0,0,0,0,0,0,0,0,71,0,0,0,0,0,0,0,0,0,0,0,0,0
"Naganishia.adeliensis",0,0,2,0,0,4,3,8,0,3,0,2,0,3,14,3,9,3,2,0,90,0,36,0
"Naganishia.albida",0,0,0,0,0,0,0,0,0,0,70,0,0,0,0,0,0,0,0,0,0,54,0,0
"Naganishia.cerealis",0,0,0,0,0,0,0,0,0,4,0,1,0,0,0,1,0,0,0,0,0,0,6,0
"Naganishia.diffluens",0,0,0,0,0,0,0,0,0,0,0,0,0,0,1,0,0,0,0,0,0,0,0,0
"Nectria.bactridioides",0,0,0,0,36,0,0,0,0,0,0,0,0,0,0,0,3,4,0,0,0,0,0,0
"Neoascochyta.exitialis",0,0,0,0,0,0,0,22,0,0,0,3,0,0,15,0,2,0,2,0,43,0,21,0
"Neocatenulostroma.sp",0,0,0,0,0,0,0,0,0,0,105,0,0,0,0,0,0,0,0,0,0,0,0,0
"Neocucurbitaria.keratinophila",0,0,0,0,0,0,0,0,0,3,0,0,0,0,0,0,8,0,0,0,0,0,0,0
"Neocucurbitaria.populi",0,0,0,0,0,0,0,0,0,0,0,0,0,0,0,0,0,0,0,0,0,0,0,65
"Neodevriesia.agapanthi",0,0,0,0,0,6,0,0,0,0,0,0,0,0,0,0,0,0,0,0,0,0,0,0
"Neodidymelliopsis.cannabis",1,0,0,0,0,0,0,0,0,0,0,0,0,0,0,0,0,4,0,0,33,0,0,0
"Neodidymelliopsis.ranunculi",0,0,0,0,0,0,0,0,0,0,0,0,0,0,0,0,0,0,0,0,0,85,0,0
"Neofusicoccum.algeriense",0,0,1,0,0,0,0,0,0,0,0,5,0,3,0,0,0,0,5,0,17,0,0,0
"Neofusicoccum.parvum",0,0,0,0,0,0,0,0,0,0,0,0,0,0,0,0,0,0,0,0,0,67,0,0
"Neonectria.candida",0,0,0,0,0,0,0,51,0,0,0,2,0,0,36,0,3,0,0,0,60,0,23,0
"Neonectria.sp",0,0,0,0,0,0,0,0,0,0,0,0,0,0,0,3,0,0,0,0,0,0,9,0
"Neopeckia.coulteri",0,0,0,0,0,0,0,0,0,4,0,0,0,3,0,0,0,0,0,0,0,0,0,0
"Neopestalotiopsis.foedans",0,0,0,0,0,11,0,0,0,0,0,0,0,0,0,0,0,0,0,0,0,0,0,0
"Neophaeococcomyces.aloes",0,0,0,0,0,0,0,28,0,0,0,0,0,0,0,0,0,0,0,0,0,0,0,0
"Neosetophoma.sp",5,0,6,0,0,0,0,0,0,0,0,0,0,0,0,0,0,0,0,0,0,0,6,0
"Neostagonospora.caricis",0,0,2,0,0,0,0,0,0,0,0,0,0,0,0,0,0,0,0,0,25,0,0,0
"Neottiosporina.paspali",0,0,0,0,0,0,0,0,0,0,0,0,0,0,0,0,0,0,0,0,0,0,9,0
"Neurospora.terricola",0,0,0,0,21,0,1,0,0,0,0,0,0,0,0,0,0,0,1,0,0,0,3,0
"Nidulariopsis.iowensis",0,0,0,0,0,0,0,0,0,0,0,0,0,0,0,0,0,0,0,0,0,0,6,0
"Occultifur.sp",0,0,0,0,0,0,3,18,0,0,0,0,0,0,0,3,0,0,0,0,0,0,2,0
"Ochroconis.constricta",0,0,0,0,20,0,0,0,0,0,0,0,0,3,0,0,0,0,0,0,0,0,0,0
"Ochroconis.tshawytschae",0,0,0,0,0,0,0,2,0,0,0,0,0,0,0,0,0,0,0,0,0,0,0,0
"Oedocephalum.sp",0,0,0,0,0,0,1,14,0,0,0,1,3,0,0,0,9,0,3,0,0,0,22,0
"Oidiodendron.cereale",2,0,0,0,0,0,0,33,0,0,0,0,0,1,0,0,0,0,4,0,35,0,7,0
"Oidiodendron.chlamydosporicum",0,0,3,0,0,0,0,11,0,0,0,0,0,0,0,0,0,0,0,0,0,0,9,0
"Oidiodendron.echinulatum",0,0,0,0,4,0,0,0,0,0,0,0,0,0,0,0,0,0,0,0,15,0,0,0
"Oidiodendron.pilicola",0,0,0,0,0,0,0,0,0,0,0,0,0,0,0,0,0,1,0,0,0,0,0,0
"Oidiodendron.sp",0,0,0,0,0,0,0,0,0,0,0,0,0,0,0,0,0,0,3,0,0,0,4,0
"Oidiodendron.truncatum",0,0,0,0,0,3,0,12,0,0,0,0,0,0,0,0,0,0,0,0,29,0,0,0
"Oliveonia.pauxilla",1,0,0,0,32,0,5,26,0,0,0,2,0,3,0,0,0,0,9,0,0,0,8,0
"Olpidium.brassicae",210,0,3970,415,7057,1409,958,5887,0,980,815,1122,1809,2819,5885,379,1111,1471,1477,661,6996,1099,1646,714
"Ophiosphaerella.agrostidis",0,0,0,0,0,0,0,0,0,2,0,0,0,0,0,0,0,0,0,0,0,0,0,0
"Ophiosphaerella.herpotricha",0,0,0,0,0,0,0,0,0,0,0,0,0,0,0,0,0,0,0,0,0,0,5,0
"Ophiosphaerella.sp",0,0,0,0,0,0,0,0,0,3,0,3,6,0,0,4,0,0,6,0,0,0,11,0
"Ovatospora.medusarum",0,0,0,0,0,0,0,0,0,0,0,0,0,0,13,0,0,0,0,0,0,0,0,0
"Pacispora.scintillans",0,0,4,0,0,0,0,0,0,0,0,0,0,0,0,0,0,0,0,0,0,0,3,0
"Paecilomyces.sp",0,0,0,0,0,0,7,0,0,3,0,7,0,0,0,0,0,0,0,0,0,0,0,0
"Pandora.bullata",0,0,0,0,0,0,4,0,0,0,0,0,0,0,0,1,0,0,0,0,0,0,5,0
"Papiliotrema.laurentii",0,0,1,0,0,14,0,38,0,4,0,0,0,4,1,0,7,3,2,0,53,0,26,0
"Paraconiothyrium.cyclothyrioides",0,0,0,0,0,0,0,0,0,0,66,0,0,0,0,0,0,0,0,0,0,0,0,0
"Paraconiothyrium.fuckelii",17,0,35,0,37,23,60,314,0,30,0,32,17,62,120,12,19,66,40,0,269,0,312,0
"Paraglomus.laccatum",0,0,0,0,0,0,0,0,0,0,0,0,0,0,0,0,0,0,2,0,0,0,0,0
"Paraglomus.sp",0,0,0,0,0,0,0,0,0,0,0,0,0,0,0,0,0,0,2,0,0,0,3,0
"Paraphaeosphaeria.michotii",0,0,0,0,0,0,0,0,0,0,56,0,0,0,0,0,0,0,0,0,0,0,0,0
"Paraphaeosphaeria.neglecta",0,0,0,94,0,0,0,0,0,0,453,0,0,0,0,0,0,0,0,0,0,307,0,86
"Paraphaeosphaeria.sp",0,0,0,0,0,0,0,0,0,0,58,0,0,0,0,0,0,0,0,0,0,0,0,62
"Paraphoma.chrysanthemicola",5,0,0,0,0,0,3,20,0,5,0,0,0,0,10,1,0,0,1,0,6,0,20,0
"Paraphoma.sp",4,0,28,0,60,19,12,68,0,19,0,11,27,50,3,12,3,30,10,0,50,0,32,0
"Parmelia.sp",0,0,0,0,0,0,0,0,0,4,0,0,0,0,0,0,0,0,0,0,0,0,0,0
"Pascua.guehoae",0,0,0,0,0,0,0,0,0,0,0,0,0,0,0,0,0,0,0,0,0,0,7,0
"Penicillago.nodositata",1,0,0,0,0,0,0,0,0,0,0,0,0,15,0,0,0,0,0,0,0,0,2,0
"Penicillium.adametzii",0,0,0,0,0,0,0,0,0,0,0,0,0,0,0,0,0,0,0,0,0,0,10,0
"Penicillium.adametzioides",1,0,0,0,0,1,0,1,0,0,0,0,2,0,1,0,7,0,0,0,2,0,1,0
"Penicillium.anatolicum",0,0,0,0,0,0,0,0,0,0,0,0,0,0,0,0,0,0,0,0,0,66,0,0
"Penicillium.aurantiogriseum",0,0,1,0,10,0,5,0,0,0,0,0,0,3,0,6,0,3,0,0,20,0,10,0
"Penicillium.bialowiezense",0,0,0,0,0,7,2,16,0,0,0,0,0,0,0,1,0,0,0,0,0,0,22,0
"Penicillium.bilaiae",0,0,0,0,0,4,0,10,0,1,0,0,0,0,0,0,3,9,0,0,0,0,4,0
"Penicillium.brasilianum",0,0,3,0,52,8,7,132,0,7,78,7,10,8,0,8,10,15,17,0,138,0,12,0
"Penicillium.brevicompactum",1,0,0,0,16,18,0,0,0,0,0,1,0,0,0,3,0,0,0,0,0,0,13,0
"Penicillium.camemberti",0,0,0,0,0,0,0,0,0,0,0,2,0,0,0,0,0,0,0,0,0,0,0,0
"Penicillium.capsulatum",0,0,0,0,0,0,0,0,0,0,0,0,0,0,0,0,0,0,0,0,0,0,6,0
"Penicillium.chrysogenum",4,0,3,0,2,20,10,28,0,18,0,0,5,18,47,0,0,8,0,121,48,0,32,0
"Penicillium.citrinum",3,0,0,0,0,0,0,44,0,0,80,6,5,4,0,0,7,0,0,0,0,0,2,0
"Penicillium.coralligerum",0,0,0,0,0,0,0,13,0,0,0,0,0,0,0,0,0,0,0,0,0,0,0,0
"Penicillium.crystallinum",0,0,6,0,0,0,0,0,0,0,0,0,0,0,0,0,0,0,0,0,0,0,0,0
"Penicillium.cyclopium",0,0,0,0,0,0,0,0,0,0,0,4,0,1,0,0,0,0,0,0,0,0,0,0
"Penicillium.digitatum",0,0,0,0,25,0,0,0,0,0,0,0,0,0,0,0,0,0,0,0,0,0,0,0
"Penicillium.ellipsoideosporum",0,0,0,0,0,0,0,0,0,0,0,0,1,0,0,0,0,0,0,0,0,0,0,0
"Penicillium.expansum",3,0,0,0,0,0,2,3,0,0,0,9,0,0,10,0,3,7,1,0,56,0,15,0
"Penicillium.glabrum",5,0,36,0,16,2489,32,73,0,25,0,18,16,34,25,6,15,38,38,104,87,124,91,0
"Penicillium.griseofulvum",0,264,0,0,0,0,0,0,0,0,0,0,0,0,0,0,0,0,0,0,0,0,0,0
"Penicillium.herquei",0,0,0,298,0,0,0,0,0,0,99,0,0,0,0,0,0,0,0,297,0,340,0,114
"Penicillium.jugoslavicum",0,0,0,0,0,0,0,0,0,0,0,0,0,0,0,0,1,0,0,0,0,0,0,0
"Penicillium.levitum",0,0,3,76,0,0,6,34,6986,2,268,0,0,5,0,0,0,0,0,82,31,228,0,219
"Penicillium.lineatum",1,0,0,0,0,0,0,0,0,1,0,0,0,0,0,0,0,0,0,0,0,0,3,0
"Penicillium.madriti",0,0,0,0,25,0,0,0,0,9,0,0,0,0,0,0,0,0,1,0,8,0,10,0
"Penicillium.mariae.crucis",1,0,13,0,47,10,9,74,0,12,0,0,64,94,52,5,16,19,11,0,58,0,15,0
"Penicillium.melinii",0,309,0,83,0,0,0,0,0,0,128,0,0,0,0,0,0,0,0,186,0,82,0,50
"Penicillium.menonorum",2,0,7,0,110,0,4,55,0,6,0,6,1,9,57,1,1,8,19,0,12,0,37,0
"Penicillium.monsgalena",1,0,0,0,0,0,0,0,0,0,0,0,0,0,0,0,0,0,0,0,0,0,0,0
"Penicillium.ochrochloron",0,0,0,0,57,0,0,1,0,3,0,6,1,0,0,0,3,4,0,0,23,0,12,0
"Penicillium.olsonii",0,0,3,0,1,0,5,0,0,12,0,4,3,0,25,1,3,0,0,0,0,0,24,0
"Penicillium.oxalicum",0,0,0,0,0,0,0,19,0,4,0,0,0,0,0,0,5,0,0,0,0,0,0,0
"Penicillium.pimiteouiense",0,0,0,0,0,0,0,0,0,0,0,0,0,0,0,0,0,0,0,0,0,0,0,63
"Penicillium.pinophilum",0,0,0,0,0,0,0,0,0,0,0,0,0,0,0,0,0,0,0,0,0,0,0,64
"Penicillium.polonicum",2,297,4,0,12,4,5,43,0,0,0,3,1,11,2,4,4,2,3,0,7,0,14,0
"Penicillium.restrictum",0,0,0,0,0,0,0,0,0,0,0,0,0,0,0,0,0,0,0,0,0,79,0,0
"Penicillium.roseopurpureum",3,0,0,0,0,1,0,12,0,0,0,0,0,2,0,3,0,6,1,0,0,0,3,0
"Penicillium.simplicissimum",0,0,0,0,0,0,0,0,0,0,0,0,0,0,0,0,0,0,0,50,0,0,0,0
"Penicillium.sizovae",0,0,2,0,31,2,0,22,0,4,0,0,0,0,0,14,0,12,2,0,14,0,20,0
"Penicillium.sp",0,0,0,0,0,0,5,34,0,0,117,0,0,0,0,0,0,0,0,0,0,0,4,77
"Penicillium.spinulosum",0,0,0,69,0,0,0,0,0,0,241,0,0,0,0,0,0,0,0,0,0,0,0,155
"Penicillium.westlingii",0,0,2,0,0,0,0,0,0,0,0,0,0,0,0,0,0,0,0,0,0,0,0,0
"Peniophora.aurantiaca",0,0,0,0,0,0,0,0,0,0,0,0,0,0,31,0,0,0,0,0,0,0,0,0
"Peniophora.pini",4,0,0,0,0,0,2,4,0,8,0,71712,0,0,0,5,0,0,0,0,0,0,3,0
"Periconia.macrospinosa",0,0,0,55,0,0,0,0,0,0,0,0,0,0,0,0,0,0,0,0,0,0,0,73
"Periconia.prolifica",0,0,13,0,21,10,14,89,0,15,0,8,11,55,104,17,23,11,7,0,99,0,98,0
"Periconia.sp",0,0,0,0,28,10,0,0,0,3,0,0,0,0,22,0,0,0,0,0,0,0,5,0
"Pertusaria.leioplaca",0,0,0,0,0,0,1,0,0,0,0,0,0,1,0,0,0,7,0,0,0,0,0,0
"Pesotum.sp",0,0,0,0,0,0,0,6,0,2,0,0,0,0,0,0,0,0,0,0,14,0,0,0
"Pestalotiopsis.disseminata",7340,0,16065,0,8526,827,7406,367,0,8084,0,3663,6862,21220,16117,5852,9574,10709,4069,0,22846,0,314,0
"Petriella.sp",0,0,0,0,0,0,0,0,0,0,0,0,0,0,0,0,0,0,0,0,0,112,0,0
"Peziza.saccardoana",0,0,0,0,0,0,0,0,0,0,0,0,0,0,0,0,0,0,0,0,38,0,0,0
"Peziza.sp",0,0,0,0,0,0,0,21,0,0,0,0,0,0,0,0,0,5,0,0,0,0,0,0
"Peziza.subcitrina",0,0,0,0,18,1,4,9,0,0,0,7,3,4,23,3,0,0,16,0,0,0,13,0
"Pezizella.chrysostigma",0,0,0,0,56,21,5,139,0,3,0,1,0,13,24,1,0,22,18,0,10,0,12,0
"Phaeoacremonium.australiense",0,0,0,0,0,0,0,0,0,0,0,0,0,4,0,0,2,7,10,0,0,0,9,0
"Phaeoacremonium.fraxinopennsylvanicum",3,0,1,0,0,0,11,0,0,0,0,0,0,0,2,0,5,0,6,0,0,0,14,0
"Phaeoacremonium.hungaricum",3,0,0,0,0,0,0,0,0,0,0,0,0,6,1,0,0,10,0,0,0,0,0,0
"Phaeoacremonium.iranianum",0,0,0,0,0,0,0,10,0,1,0,0,0,5,0,0,0,0,1,0,30,0,0,0
"Phaeococcomyces.mexicanus",0,0,0,0,0,6,0,0,0,0,0,0,0,0,0,1,0,0,0,0,0,0,1,0
"Phaeococcomyces.sp",0,0,7,0,0,3,1,11,0,0,0,0,1,0,26,4,0,4,3,0,0,0,5,0
"Phaeocytostroma.ambiguum",0,0,0,0,0,0,0,0,0,0,0,0,0,0,0,0,0,0,0,0,17,0,0,0
"Phaeomoniella.chlamydospora",0,0,2,0,0,0,0,0,0,0,0,0,0,0,0,4,0,0,0,0,4,90,7,0
"Phaeosphaeria.sp",4,0,0,0,1,8,13,0,0,2,0,4,0,12,20,3,5,0,1,0,25,0,24,0
"Phaeothecoidea.intermedia",1,0,20,0,28,7,7,0,0,5,0,4,16,3,46,9,7,2,11,0,72,0,34,0
"Phallus.rugulosus",0,0,0,0,37,0,0,0,0,0,0,0,2,0,0,0,0,0,0,0,0,0,0,0
"Phialocephala.sp",0,0,0,0,0,0,0,0,0,0,0,0,0,0,0,0,0,0,0,0,0,60,0,0
"Phialophora.americana",0,0,0,0,0,0,0,0,0,0,0,0,3,0,0,0,0,0,0,0,0,0,0,0
"Phialophora.geniculata",0,0,5,0,0,5,0,11,0,11,0,2,0,8,0,0,0,9,3,0,0,0,0,0
"Phialophora.sp",0,0,4,0,19,2,0,25,0,1,0,3,9,0,0,2,9,0,9,0,16,0,9,0
"Phlebiopsis.gigantea",17,0,25,79,12,0,0,0,0,0,76,0,65232,41,50,0,9,15,0,200,0,122,0,94
"Pholiota.conissans",0,0,0,0,0,0,0,0,0,0,0,0,0,0,0,0,0,0,4,0,0,0,0,0
"Pholiotina.sulcata",0,0,0,0,0,0,5,0,0,0,0,0,0,0,10,0,0,0,0,0,0,0,0,0
"Phoma.adonidicola",0,0,0,0,0,0,0,0,0,0,132,0,0,0,0,0,0,0,0,0,0,500,0,65
"Phoma.betae",0,0,0,0,0,0,0,0,0,0,0,0,0,0,0,0,0,0,0,0,0,0,10,0
"Phoma.herbarum",10,0,17,0,8,16,23,105,0,10,0,16,7,27,35,25,5,12,5,0,142,0,163,0
"Phoma.sp",8,0,0,0,0,1,0,0,0,0,0,4,0,3,0,0,0,0,0,0,0,0,17,0
"Phomopsis.sp",0,0,0,0,0,0,0,22,0,0,0,0,0,0,20,1,0,0,0,0,0,0,0,0
"Phyllosticta.sojicola",3,0,19,0,0,3,7,50,0,9,0,4,37,21,117,2,24,7,0,0,114,0,33,0
"Phytophthora.cactorum",0,0,0,0,0,0,0,0,0,0,0,0,0,0,0,0,0,0,5,0,0,0,0,0
"Pichia.fermentans",0,0,1,0,0,12,0,0,0,0,0,4,0,0,31,6,0,0,1,0,0,0,5,0
"Pichia.kluyveri",1,0,3,0,0,0,0,12,0,0,0,7,4,7,0,9,0,0,0,0,27,0,7,0
"Pichia.kudriavzevii",0,0,0,0,6,5,0,0,0,2,0,0,0,0,16,0,0,0,0,0,0,0,0,0
"Pichia.membranifaciens",1,0,0,0,0,0,0,0,0,0,0,0,0,0,0,0,0,0,0,0,0,0,0,0
"Pichia.sp",0,0,0,0,34,5,0,0,0,10,0,0,0,0,26,0,0,5,11,0,0,0,19,0
"Plectosphaerella.cucumerina",11,124,51,357,225,61,71,345,0,31,1401,52,15,25,77,13,48,93,71,0,536,0,283,0
"Plectosphaerella.melonis",0,0,0,0,0,0,0,0,0,0,80,0,0,0,0,0,0,0,0,0,0,0,0,0
"Plectosphaerella.oratosquillae",0,0,0,0,0,0,0,0,0,0,106,0,0,0,0,0,0,0,0,4613,0,1235,0,795
"Pleurostoma.richardsiae",0,0,0,0,0,0,0,4,0,0,0,0,0,0,0,0,0,0,0,0,0,0,3,0
"Pochonia.chlamydosporia",0,0,8,0,0,0,20,29,0,0,0,2,0,3,0,0,5,0,0,0,19,0,20,0
"Podospora.bulbillosa",6,0,7,0,15,6,10,65,0,10,0,7,8,8,47,0,2,9,6,0,0,0,95,0
"Podospora.communis",0,0,0,0,0,0,0,0,0,0,0,5,0,10,0,1,0,1,0,0,0,0,0,0
"Podospora.dimorpha",1,0,0,0,0,0,0,0,0,0,0,0,0,0,0,0,0,0,0,0,0,0,0,0
"Podospora.intestinacea",0,0,0,0,0,0,0,0,0,0,0,0,0,0,0,0,0,0,0,0,0,73,0,0
"Podospora.multipilosa",0,0,0,0,12,0,3,0,0,5,0,2,6,0,0,7,1,8,4,0,56,0,23,0
"Podospora.sp",0,0,39,0,84,27,10,71,0,7,136,12,61,153,77,7,15,46,14,0,138,0,84,93
"Polyblastia.abscondita",0,0,0,0,0,0,0,0,0,0,0,0,0,0,0,3,0,0,0,0,0,0,0,0
"Polycauliona.sp",1,0,0,0,0,0,0,0,0,0,0,0,0,0,0,0,0,0,0,0,0,0,0,0
"Polytolypa.hystricis",1,0,0,0,0,0,0,16,0,0,0,0,0,2,0,0,1,2,0,0,0,0,2,0
"Preussia.flanaganii",1,0,6,0,0,0,3,1,0,0,0,0,1,16,16,1,2,0,0,52,41,0,26,0
"Preussia.sp",1,0,31,0,0,17,26,50,0,18,0,11,86,103,103,2,0,11,13,0,67,76,58,0
"Proliferodiscus.sp",0,0,0,0,0,0,3,0,0,0,0,0,0,0,0,0,0,0,0,0,0,0,0,0
"Protomyces.macrosporus",0,0,0,0,0,0,0,10,0,0,0,0,0,0,0,0,0,6,0,0,0,0,0,0
"Psathyrella.complutensis",0,0,0,0,0,0,0,0,0,0,0,0,0,0,0,0,0,0,0,0,0,82,0,0
"Psathyrella.maculata",0,0,0,0,0,0,0,0,0,0,0,0,0,0,0,3,0,0,0,0,0,0,0,0
"Psathyrella.sphaerocystis",0,0,0,0,0,0,0,0,0,2,0,0,0,0,0,0,0,0,0,0,0,0,3,0
"Psathyrella.stercoraria",0,0,5,0,0,12,0,19,0,0,0,0,0,0,32,0,0,0,0,0,0,0,3,0
"Pseudaleuria.sp",31,0,41,0,138,39,57,235,0,45,0,35,79,398,197,8,20,29,36,0,195,0,350,0
"Pseudeurotium.desertorum",0,0,0,0,0,0,0,0,0,0,0,0,0,0,0,0,0,0,0,0,0,52,0,0
"Pseudeurotium.hygrophilum",66,0,62,0,219,171,79,955,0,60,0,66,60,149,184,35,91,76,113,125,1255,0,472,0
"Pseudeurotium.ovale",0,0,0,168,0,0,0,0,0,0,264,0,0,0,0,0,0,0,0,0,0,158,0,95
"Pseudocercospora.lyoniae",0,0,0,0,0,0,0,7,0,0,0,0,0,0,0,0,0,0,0,0,0,0,0,0
"Pseudogymnoascus.pannorum",0,0,0,0,0,0,0,0,0,0,114,0,0,0,0,0,0,0,0,0,0,0,0,0
"Pseudogymnoascus.roseus",0,0,0,0,0,0,0,0,0,0,70,0,0,0,0,0,0,0,0,70,0,78,0,0
"Pseudogymnoascus.verrucosus",0,0,0,0,0,15,0,18,0,13,0,0,2,0,0,0,0,3,1,0,0,0,38,0
"Pseudohyphozyma.bogoriensis",0,0,0,0,0,0,0,0,0,4,0,0,0,0,0,0,0,0,0,0,0,0,0,0
"Pseudopenicillium.megasporum",0,0,0,0,24,0,0,0,0,0,0,0,0,0,0,0,0,13,0,0,0,0,0,0
"Pseudopithomyces.chartarum",0,0,0,0,0,0,0,0,0,0,0,0,0,0,0,0,0,0,0,0,0,69,0,0
"Pseudopyrenochaeta.lycopersici",0,0,0,0,0,0,0,0,0,0,0,0,0,0,0,0,0,0,0,0,0,0,4,0
"Pseudothielavia.terricola",0,0,0,0,0,0,0,0,0,0,72,0,0,0,0,0,0,0,0,0,0,0,0,0
"Pseudotremella.moriformis",0,0,0,0,0,0,0,0,0,0,0,0,0,0,0,0,0,0,0,0,0,0,5,0
"Psilocybe.sp",0,0,0,0,0,0,0,0,0,0,0,0,8,0,0,0,0,0,0,0,0,0,0,0
"Pulvinula.sp",0,0,0,0,0,0,0,17,0,0,0,0,0,0,0,0,0,0,0,0,9,0,12,0
"Purpureocillium.lilacinum",4,0,13,69,4,7,30,170,0,7,63,6,0,45,19,13,20,15,39,0,76,0,47,78
"Pyrenochaeta.sp",0,0,0,0,30,0,0,11,0,0,0,5,0,3,0,1,0,0,1,102,0,147,2,0
"Pyrenochaetopsis.decipiens",0,0,0,144,0,0,0,0,0,0,68,0,0,0,0,0,0,0,0,123,0,0,0,0
"Pyrenochaetopsis.leptospora",1,0,0,0,34,5,0,28,0,0,0,5,0,0,20,0,0,0,3,66,49,0,29,0
"Pyrenochaetopsis.microspora",0,0,0,0,0,0,0,0,0,0,0,0,0,0,0,0,0,0,0,0,1,0,0,0
"Pyrenochaetopsis.sp",0,0,0,0,0,0,0,0,0,0,0,0,0,0,0,0,0,4,0,0,0,0,0,0
"Pyrenophora.lolii",0,0,0,0,0,0,0,0,0,0,0,0,0,0,9,0,0,0,0,0,0,0,2,0
"Pyrenophora.teres",0,0,0,0,0,0,0,0,0,0,0,0,0,0,0,1,8,0,0,0,0,0,2,0
"Pyrenophora.triseptata",0,0,0,0,0,0,5,20,0,0,0,0,0,0,0,0,0,0,0,0,0,0,4,0
"Pyronema.sp",0,0,0,0,0,0,0,0,0,1,0,0,0,0,0,0,0,0,0,0,0,0,0,0
"Querciphoma.carteri",0,0,3,0,0,0,1,0,0,1658,0,0,0,0,0,0,0,0,0,0,15,0,0,0
"Ramariopsis.corniculata",0,0,0,0,40,0,0,0,0,0,0,0,0,0,0,0,0,0,0,0,0,0,0,0
"Ramophialophora.sp",0,0,5,0,0,0,0,0,0,0,0,0,0,0,0,0,0,0,0,0,0,0,6,0
"Ramularia.glennii",0,0,0,0,0,0,0,0,0,0,0,0,0,0,0,0,0,0,0,61,0,0,0,0
"Ramularia.grevilleana",0,0,0,0,0,0,0,0,0,0,0,0,0,4,0,0,0,0,0,0,0,0,0,0
"Remersonia.sp",0,0,1,0,26,0,10,26,0,0,0,0,0,8,0,0,0,0,0,0,11,0,0,0
"Rhexocercosporidium.panacis",0,0,0,0,0,0,0,0,0,0,0,0,0,0,0,0,0,0,0,0,21,0,12,0
"Rhinocladiella.sp",0,0,0,0,0,0,0,8,0,0,0,0,0,0,1,0,0,0,4,0,0,0,0,0
"Rhizina.undulata",0,0,3,0,0,8,0,0,0,0,0,0,0,0,0,0,4,0,0,0,0,0,0,0
"Rhizopus.oryzae",4,0,2,0,0,0,2,0,0,0,0,7,9,0,0,1,0,0,0,0,14,0,13,0
"Rhodotorula.babjevae",2,0,0,0,33,10,2,68,0,0,0,0,15,2,6,0,7,7,10,0,44,0,39,0
"Rhodotorula.diobovata",0,0,0,0,0,0,0,9,0,0,0,0,0,0,0,0,0,0,0,0,0,0,0,0
"Rhodotorula.mucilaginosa",0,0,0,0,0,0,0,0,0,1,0,0,0,0,0,0,0,0,0,0,0,0,0,0
"Rhodotorula.sp",0,0,3,0,0,0,0,7,0,0,0,0,0,0,0,0,0,0,0,0,0,0,0,0
"Rhodoveronaea.varioseptata",0,0,0,0,0,0,0,19,0,5,0,0,0,0,0,3,1,7,0,0,41,0,0,0
"Rinodina.sophodes",0,0,6,0,0,0,1,0,0,0,0,0,0,0,0,0,10,0,1,0,0,0,4,0
"Russula.livescens",0,0,0,0,0,0,0,9,0,0,0,0,0,0,0,0,0,0,0,0,0,0,0,0
"Russula.nigricans",0,0,0,0,0,0,0,0,0,0,0,0,0,0,0,0,0,0,0,0,0,0,5,0
"Russula.sp",0,0,0,0,0,0,0,0,0,2,0,0,0,0,0,0,0,0,0,0,51,0,2,0
"Saccharomyces.cerevisiae",0,0,0,0,0,1,0,1,0,0,0,0,0,0,3,0,0,0,1,0,17,0,3,0
"Sagenomella.diversispora",0,0,0,0,0,0,0,0,0,0,0,0,1,0,0,3,0,0,0,0,0,0,0,0
"Sagenomella.sp",8,0,7,0,37,7,19,180,0,3,0,28,11,26,0,9,11,9,17,0,275,0,150,0
"Saitozyma.podzolica",8,0,22,126,11,27,12,215,0,37,359,14,12,8,51,3,9,12,26,294,103,289,100,394
"Sakaguchia.lamellibrachiae",0,0,0,0,0,0,0,0,0,0,0,0,0,0,0,0,0,0,0,0,65,0,22,0
"Sampaiozyma.ingeniosa",1,0,0,0,0,0,0,0,0,0,0,0,0,0,0,0,0,4,0,0,0,0,0,0
"Sarcinomyces.sp",0,0,4,0,0,0,0,11,0,9,0,0,0,1,38,8,4,6,0,0,0,0,4,0
"Sarocladium.implicatum",0,0,3,0,0,0,0,0,0,0,0,0,0,0,0,0,0,0,0,0,0,0,0,0
"Sarocladium.strictum",4,0,6,0,0,0,3,66,0,0,0,0,0,5,0,0,0,28,0,0,0,0,20,0
"Schizothecium.carpinicola",1,0,18,0,30,2,9,87,0,6,131,10,40,120,128,10,3,48,1,71,88,342,27,72
"Schizothecium.curvisporum",0,0,0,0,0,0,0,0,0,2,0,6,0,6,28,1,0,5,0,0,0,0,0,0
"Schizothecium.miniglutinans",0,0,0,0,0,0,0,0,0,0,53,4,0,0,0,0,0,0,0,0,0,0,2,0
"Schizothecium.sp",0,0,0,0,0,0,0,0,0,2,0,0,0,0,0,0,0,0,0,0,0,0,7,50
"Scleroderma.verrucosum",0,0,0,0,0,0,0,0,0,0,0,0,0,0,0,0,0,11,0,0,0,0,0,0
"Sclerostagonospora.sp",0,0,1,0,0,0,0,0,0,0,0,9,0,0,25,2,0,7,0,0,0,0,13,0
"Sclerotinia.minor",0,0,0,0,0,0,0,0,0,0,0,0,3,0,0,0,0,0,0,0,0,0,0,0
"Scolecobasidium.sp",0,0,0,0,0,1,6,6,0,0,0,3,0,0,0,0,0,8,1,0,0,0,18,0
"Scoliciosporum.chlorococcum",1,0,0,0,0,0,0,0,0,0,0,0,0,0,0,0,0,0,0,0,0,0,0,0
"Scopulariopsis.brevicaulis",0,0,0,0,6,5,0,18,0,1,0,0,0,0,14,3,0,0,0,0,0,0,9,0
"Scopulariopsis.candida",0,0,0,0,0,0,2,1,0,0,0,0,0,0,0,0,0,0,0,0,0,0,0,0
"Scutellinia.sp",2,0,0,0,0,13,0,0,0,0,0,5,0,0,4,0,0,0,0,0,0,0,0,0
"Scutellinia.torrentis",1,0,0,0,0,7,10,0,0,0,0,8,0,0,0,3,0,0,0,0,0,0,0,0
"Scytalidium.circinatum",0,0,0,0,0,0,0,0,0,0,0,0,3,0,0,2,0,1,0,0,0,0,0,0
"Scytalidium.cuboideum",0,0,0,0,0,0,0,40,0,0,0,3,0,0,0,0,0,0,0,0,13,0,0,0
"Scytalidium.sp",0,0,0,0,0,0,0,0,0,0,0,0,0,5,0,0,0,0,0,0,0,0,6,0
"Sebacina.sp",0,0,1,0,0,0,10,0,0,0,0,1,0,0,0,0,0,4,0,0,0,0,10,0
"Seifertia.azaleae",0,0,0,0,0,3,0,26,0,0,0,0,0,0,0,0,0,0,0,0,1,0,0,0
"Septofusidium.herbarum",0,0,0,0,0,0,1,0,0,0,0,0,0,0,0,2,0,0,0,0,0,64,7,0
"Septoria.glycines",0,0,0,0,0,0,0,16,0,0,0,0,0,3,0,0,0,0,0,0,0,0,0,0
"Septoria.pistaciarum",0,0,0,0,0,0,0,0,0,0,0,0,0,0,11,0,0,0,0,0,0,0,5,0
"Serendipita.indica",0,0,0,0,0,0,0,0,0,0,0,2,0,0,0,0,0,0,0,0,0,0,0,0
"Serendipita.sp",0,0,0,0,0,0,0,0,0,0,0,0,0,0,0,0,0,0,0,0,0,56,2,0
"Serendipita.vermifera",0,0,0,0,18,0,0,27,0,0,0,0,0,0,0,0,0,0,0,0,0,0,4,0
"Serpula.himantioides",0,0,0,0,0,0,0,0,0,5,0,0,0,0,0,0,0,0,0,0,0,0,0,0
"Setophaeosphaeria.hemerocallidis",0,0,0,0,0,0,0,0,0,0,0,0,0,0,0,0,0,0,4,0,0,0,0,0
"Setophaeosphaeria.sp",0,0,1,0,11,0,1,0,0,1,0,0,0,3,0,0,0,0,0,0,0,0,15,0
"Setophoma.terrestris",6,0,25,0,32,1,11,108,0,0,0,11,3,44,12,7,4,30,6,0,42,0,105,0
"Sistotrema.sp",0,0,0,0,0,0,0,120,0,6,0,3,0,0,0,0,0,0,0,0,1,0,37,0
"Sistotremastrum.guttuliferum",0,0,0,0,0,0,0,10,0,0,0,0,0,0,0,0,0,0,0,0,0,0,0,0
"Smittium.morbosum",0,0,0,0,0,0,0,0,0,0,0,0,0,0,0,0,2,0,0,0,0,0,0,0
"Sodiomyces.alcalophilus",0,0,0,0,0,0,0,1,0,0,0,0,0,0,0,0,0,0,9,0,73,0,0,0
"Solicoccozyma.aeria",36,0,93,428,329,213,163,985,5102,96,925,375,217,354,207,68,70,199,102,679,1312,1294,700,722
"Solicoccozyma.phenolica",18,0,23,0,79,75,52,407,0,31,0,37,31,48,114,14,15,28,63,0,116,0,275,0
"Solicoccozyma.terrea",0,0,0,148,0,0,0,0,546,0,134,0,0,0,0,0,0,0,0,553,0,109,0,0
"Solicoccozyma.terricola",0,0,4,0,0,35,6,67,0,3,0,4,7,5,0,3,5,14,0,167,0,53,11,0
"Spiromastix.princeps",0,0,0,0,0,2,0,0,0,0,0,0,0,0,0,0,0,12,0,0,0,0,0,0
"Spiromastix.sp",1,0,8,0,0,3,0,31,0,11,0,1,0,0,20,0,0,0,1,0,40,0,24,0
"Spiromastix.warcupii",0,0,0,0,0,0,0,0,0,0,0,0,0,0,0,0,0,0,0,0,0,66,0,0
"Spirosphaera.cupreorufescens",0,0,0,0,0,0,0,0,0,0,0,0,0,0,0,0,0,0,0,0,0,0,6,0
"Sporobolomyces.beijingensis",0,0,0,0,0,0,1,0,0,0,0,0,0,0,0,0,0,0,0,0,0,0,0,0
"Sporobolomyces.lactosus",0,0,0,0,0,0,0,0,0,0,0,0,0,0,0,0,9,0,0,0,0,0,0,0
"Sporobolomyces.sp",0,0,0,0,0,6162,0,0,0,0,0,0,0,0,0,0,0,1,1,0,0,0,2,0
"Sporormia.fimetaria",2,0,0,0,0,0,0,0,0,0,0,0,0,0,0,0,0,0,1,0,0,0,0,0
"Sporormia.sp",0,0,6,0,0,0,2,0,0,3,0,0,0,12,0,0,0,2,0,0,13,0,0,0
"Sporormiella.sp",0,0,0,0,0,0,0,0,0,0,0,3,0,0,0,0,0,0,0,0,0,0,0,0
"Stachybotrys.chartarum",0,130,2,62,21,12,0,0,0,5,59,8,11,10,0,0,0,12,0,0,46,375,8,77
"Stachybotrys.microspora",0,0,7,0,0,0,0,11,0,0,0,0,0,2,0,0,0,0,0,0,0,0,0,0
"Stagonospora.sp",0,0,0,0,0,0,0,3,0,0,0,0,0,0,0,0,0,0,0,74,0,0,0,0
"Stagonosporopsis.dorenboschii",7,0,3,0,1,0,3,30,0,4,0,2,0,3,23,6,2,2,0,0,48,0,16,0
"Staphylotrichum.sp",0,0,0,0,0,0,0,0,0,4,0,0,6,6,0,0,0,2,0,0,0,0,0,0
"Staurothele.areolata",0,0,0,0,0,0,0,20,0,0,0,0,0,0,0,0,1,0,0,0,0,0,0,0
"Stemphylium.amaranthi",0,0,0,50,0,0,0,0,0,0,0,0,0,0,0,0,0,0,0,0,0,0,0,0
"Stemphylium.vesicarium",0,0,0,1037,0,0,0,0,0,0,2676,0,0,0,0,0,0,0,0,854,0,7587,0,1455
"Stephanonectria.sp",0,0,0,0,0,0,0,10,0,7,0,0,0,7,1,0,0,0,0,0,0,0,0,0
"Stereum.hirsutum",0,0,0,0,0,0,2,0,0,0,0,0,0,0,0,0,0,0,0,0,0,0,0,0
"Stilbella.byssiseda",0,0,0,0,0,0,0,0,0,0,0,0,0,0,0,2,0,0,0,0,0,0,0,0
"Striatibotrys.oleronensis",0,0,0,0,0,0,0,0,0,0,0,0,0,0,0,0,0,0,0,0,0,0,7,0
"Strobilurus.stephanocystis",0,0,0,120883,0,0,0,0,0,0,0,5,0,0,0,6716,0,0,0,0,0,0,0,0
"Strobilurus.tenacellus",0,0,0,1650,0,0,0,0,0,0,0,0,0,0,0,0,0,0,0,0,0,0,0,0
"Stromatinia.narcissi",0,0,0,0,0,0,0,0,0,0,0,0,0,0,0,0,0,0,0,0,0,72,0,0
"Suillus.collinitus",0,0,0,0,0,0,0,0,0,0,0,0,0,0,0,0,0,0,0,0,0,0,6,0
"Sydowia.polyspora",2,0,35,0,20,9,27,250,0,15,0,4,19,36,22,3,29,29,3,0,130,0,31,0
"Symmetrospora.gracilis",0,0,0,0,0,0,0,0,0,0,0,0,0,0,0,1,0,0,0,0,0,0,0,0
"Taeniolella.stilbospora",0,0,0,0,0,0,0,0,0,0,131,0,0,0,0,0,0,0,0,0,0,0,0,0
"Talaromyces.amestolkiae",0,0,20,0,46,0,14,0,0,4,0,14,8,0,0,13511,12,0,5,0,17,0,11,0
"Talaromyces.australis",0,0,0,0,0,0,0,0,0,0,66,0,0,0,0,0,0,0,0,0,0,0,0,0
"Talaromyces.columbinus",0,0,0,0,0,0,0,0,0,0,0,0,0,0,0,0,0,0,0,91,0,0,0,0
"Talaromyces.marneffei",0,0,0,0,0,0,0,0,0,0,0,0,0,0,0,0,0,0,0,183,0,158,0,77
"Talaromyces.minioluteus",0,0,0,0,0,3,0,0,0,0,0,4,3,13,10,0,0,13,0,0,12,0,0,0
"Talaromyces.proteolyticus",0,0,0,0,0,6,0,0,0,0,0,0,0,0,0,0,0,0,0,0,0,0,0,0
"Talaromyces.purpureogenus",1,280,25,0,15,13,0,98,0,15,118,14,18,22,40,1,5,10,4,0,36,59,40,118
"Talaromyces.rugulosus",0,0,2,0,19,12,7,51,0,11,0,16,0,7,36,2,10,13,15,318,18,0,84,0
"Talaromyces.sp",0,0,0,0,23,0,0,0,0,0,0,0,0,0,0,0,0,0,0,0,0,0,5,0
"Tausonia.pullulans",9,0,9,0,52,4,3,85,1594,10,0,1,2,4,23,0,6,2,1,83,212,0,53,0
"Terfezia.sp",8,0,6,0,6,2,0,2,0,1,0,0,0,113,0,1,2,4,0,0,16,0,1,0
"Tetracladium.furcatum",0,0,0,0,0,0,0,0,0,0,0,0,0,0,0,0,0,0,0,69,0,0,0,0
"Tetracladium.marchalianum",0,0,0,0,0,0,0,0,0,0,0,0,0,1,0,0,0,0,0,0,0,0,0,0
"Tetracladium.maxilliforme",3,0,0,0,11,13,24,83,0,14,0,7,2,22,26,3,4,23,10,0,73,0,51,0
"Tetracladium.sp",2,592,23,0,135,30,42,262,2772,17,0,18,10,31,55,22,15,36,40,161,246,352,158,0
"Tetragoniomyces.uliginosus",0,0,0,0,0,0,0,0,0,0,0,0,0,0,0,0,0,0,0,0,0,0,6,0
"Thelonectria.rubi",0,0,0,0,0,0,0,7,0,0,0,0,0,0,0,0,0,0,0,0,0,0,0,0
"Thermomyces.lanuginosus",0,0,0,0,30,0,9,27,0,0,0,1,0,0,21,0,0,0,0,80,19,0,10,0
"Thielavia.basicola",0,0,0,0,0,0,0,14,0,0,0,0,0,0,35,0,3,0,0,0,0,0,6,0
"Titaea.maxilliformis",0,0,0,0,0,0,0,0,2520,0,0,0,0,0,0,0,0,0,0,51,0,0,0,0
"Tomentella.sp",1,0,0,0,0,0,0,37,0,0,246,2,0,0,0,8,0,0,0,99,0,0,0,0
"Torula.sp",0,0,12,0,0,0,0,38,0,0,0,0,7,0,0,0,0,0,2,0,109,0,11,0
"Torulaspora.delbrueckii",0,0,0,0,4,0,4,51,0,4,0,0,0,5,43,5,0,0,1,0,59,0,28,0
"Trechispora.sp",0,0,10,0,61,3,17,112,0,3,135,3,0,0,19,0,14,0,0,0,43,0,90,0
"Triangularia.phialophoroides",0,0,0,0,0,0,17,0,0,0,0,0,0,0,0,0,0,0,0,0,0,0,0,0
"Tricellula.aurantiaca",0,0,0,0,0,0,0,0,0,0,0,0,0,0,0,0,0,0,0,0,0,104,0,0
"Trichoderma.aerugineum",0,0,0,0,0,0,0,0,0,0,0,0,0,6,0,0,0,0,0,0,34,0,0,0
"Trichoderma.asperellum",0,0,0,87,0,0,0,0,0,0,102,0,0,0,0,0,0,0,0,0,0,92,0,0
"Trichoderma.atroviride",3,0,0,0,0,0,3,26,0,16,0,5,3,12,0,3,3,13,0,100,14,57,25,0
"Trichoderma.citrinoviride",0,0,4,0,0,2,0,54,0,0,0,0,0,0,0,2,0,0,0,0,38,0,1,0
"Trichoderma.compactum",0,0,0,0,0,0,7,0,0,0,0,0,0,0,0,0,0,0,0,0,0,0,0,0
"Trichoderma.spirale",0,0,0,0,0,0,0,0,0,0,0,1,0,0,0,0,0,0,0,0,0,0,13,0
"Trichoderma.tomentosum",0,5062,0,0,0,0,0,0,0,0,0,0,0,0,0,0,0,0,0,0,0,0,0,0
"Trichomonascus.ciferrii",0,0,0,0,0,0,0,0,0,0,0,0,0,0,1,0,6,0,0,0,0,0,0,0
"Trichosporon.asahii",0,0,3,0,0,0,0,0,0,0,0,0,0,0,0,1,0,0,1,0,18,0,4,0
"Trichosporon.sp",0,0,0,0,0,0,0,23,0,0,0,0,0,0,0,0,0,0,0,0,0,0,0,0
"Trichothecium.roseum",0,0,0,0,0,0,0,0,0,0,0,0,11,0,1,0,0,0,0,219,0,0,0,0
"Truncatella.laurocerasi",3,0,5,0,0,3,0,9,0,2,0,0,0,3,0,2,6,0,12,0,26,0,26,0
"Tuber.melosporum",0,0,0,0,0,0,0,0,0,0,0,0,0,0,0,0,0,0,4,0,0,0,0,0
"Tubeufia.cerea",0,0,3,0,0,0,0,15,0,0,0,0,0,0,0,0,0,0,0,0,0,0,0,0
"Tubeufia.helicomyces",0,0,0,0,0,0,0,0,0,0,0,0,0,0,0,1,0,0,0,0,0,0,0,0
"Tulostoma.brumale",0,0,0,0,0,0,0,0,0,0,0,0,0,3,0,0,0,0,4,0,0,0,3,0
"Tumularia.sp",0,0,0,0,0,0,0,0,0,0,0,0,0,0,24,0,0,0,0,0,0,0,0,0
"Typhula.incarnata",0,0,0,0,0,0,0,0,0,0,0,0,0,0,0,0,0,0,5,0,0,0,0,0
"Tyrannosorus.hystrioides",0,0,0,0,41,0,0,0,0,0,0,0,2,0,0,0,0,0,0,0,0,0,13,0
"Umbelopsis.dimorpha",0,0,0,0,0,0,0,0,0,0,0,0,0,0,0,0,0,0,0,0,0,0,5,0
"Umbelopsis.sp",4,0,17,0,25,8,15,183,0,10,0,6,0,19,0,6,1,8,3,0,61,0,27,0
"Vermispora.fusarina",0,0,0,0,0,0,5,10,0,0,0,0,0,0,0,0,0,0,0,0,0,0,0,0
"Veronaeopsis.simplex",0,0,0,0,0,0,0,0,0,0,0,0,0,0,0,0,0,0,3,0,0,0,3,0
"Verrucaria.viridula",0,0,5,0,0,0,0,12,0,2,0,0,0,0,16,7,0,0,0,0,0,0,5,0
"Verticillium.dahliae",0,0,0,0,0,0,0,9,0,0,0,0,0,0,0,3,0,0,0,0,0,0,0,0
"Verticillium.isaacii",3,0,5,0,0,0,0,0,0,0,0,2,0,1,0,0,7,2,3,0,0,0,0,0
"Vishniacozyma.carnescens",0,0,0,0,0,0,0,0,0,0,0,0,0,0,0,0,0,0,0,70,0,0,0,0
"Vishniacozyma.dimennae",0,0,2,0,0,3,5,0,0,9,0,7,0,13,22,0,4,0,1,0,4,0,12,0
"Vishniacozyma.heimaeyensis",0,0,9,0,12,18,0,14,0,4,0,6,2,22,4,1,3,6,10,130,11,91,5,0
"Vishniacozyma.victoriae",1,0,5,0,20,0,0,15,0,1,69,0,0,2,5,1,11,13,7,123,36,99,10,127
"Volutella.sp",0,0,0,0,0,0,0,0,0,0,0,2,0,5,0,1,0,0,0,0,0,0,8,0
"Vuilleminia.sp",0,0,0,0,0,0,0,0,0,0,0,0,0,0,0,1,0,0,0,0,0,0,0,0
"Waitea.circinata",0,0,0,0,0,0,0,0,0,0,0,0,0,4,0,0,0,0,0,0,8,0,6,0
"Wallemia.hederae",0,0,0,0,0,0,0,0,0,0,0,0,0,0,0,0,0,1,0,0,0,0,0,0
"Wallemia.muriae",1,0,0,0,0,1,0,2,0,6,0,0,0,0,0,0,0,0,5,0,1,0,1,0
"Wallemia.sebi",11,0,14,0,23,9,9,36,0,15,0,5,10,23,3,0,5,14,2,0,34,0,24,0
"Wallrothiella.subiculosa",0,0,0,0,0,0,0,0,0,1,0,1,0,1,0,0,0,2,0,0,0,0,0,0
"Wardomyces.humicola",0,0,0,0,0,4,10,4,0,0,0,0,0,15,28,0,0,2,0,0,0,0,5,0
"Wardomyces.inflatus",0,0,0,0,0,1,0,0,0,0,0,4,0,0,0,0,0,0,1,0,0,0,6,0
"Wardomycopsis.sp",0,0,0,0,0,4,0,8,0,0,0,0,6,4,0,0,5,0,4,0,0,0,0,0
"Wickerhamomyces.anomalus",0,0,0,0,0,0,0,3,0,0,0,0,0,0,0,0,2,0,1,0,44,0,0,0
"Wickerhamomyces.onychis",4,0,36,0,0,30,13,46,0,8,0,0,8,7,24,0,0,0,0,0,107,0,78,0
"Wickerhamomyces.sp",0,0,0,0,0,0,0,0,0,0,0,0,0,0,0,0,0,0,0,0,0,0,2,0
"Wilsonomyces.carpophilus",0,0,0,0,0,0,0,0,0,0,0,0,0,1,0,0,0,0,0,0,0,0,1,0
"Xenasmatella.christiansenii",0,0,8,0,0,0,0,9,0,4,56,1,0,5,0,2,0,0,7,0,29,51,24,0
"Yunnania.penicillata",0,0,3,0,0,0,0,0,0,0,0,0,0,0,0,0,0,0,0,0,0,0,0,0
"Zasmidium.cellare",0,0,7,0,0,0,0,13,0,0,0,0,0,0,0,0,0,0,0,0,0,0,0,0
"Zasmidium.musigenum",0,0,0,0,0,8,17,35,0,2,0,1,0,0,10,0,0,3,14,0,21,0,23,0
"Zopfiella.marina",0,0,0,0,0,0,4,0,0,0,0,0,0,1,0,0,0,1,2,0,0,0,2,0
"Zopfiella.sp",0,0,1,81,2,1,14,21,0,8,208,2,4,13,9,1,2,2,4,128,16,0,1,212
"Zygosporium.pseudogibbum",0,0,0,0,0,0,0,0,0,0,0,0,0,0,0,0,0,0,0,73,0,0,0,0
"Zygotorulaspora.florentina",0,0,0,0,0,3,0,0,0,0,0,4,0,0,0,0,0,0,0,0,0,0,0,0
"Zymoseptoria.tritici",3,0,0,0,27,0,0,0,0,0,0,4,0,11,0,11,0,0,0,0,21,0,0,0
